url,Title,Category_Source,Categories,Authors,Price NIS,Price USD,Year,Synopsis,Synopsis Length,StarRating,NumberOfReviews,Language,Format,Dimensions,Dimensions unit,Weight,Weight Unit,ISBN
https://www.bookdelivery.com/il-en/book-jojo-s-bizarre-adventure-part-7-steel-ball-run-vol-2-2/9781974755172/p/64090960,"Jojo's Bizarre Adventure: Part 7--Steel Ball Run, Vol. 2 (2) - Hirohiko Araki",Arts,Arts,Hirohiko Araki,83.11,27.62,2025.0,"""Jojo's Bizarre Adventure: Part 7--Steel Ball Run, Vol. 2 (2)"" A multigenerational tale of the heroic Joestar family and their never-ending battle against evil! The legendary Shonen Jump series is now available in deluxe hardcover editions featuring color pages! JoJo’s Bizarre Adventure is a groundbreaking manga famous for its outlandish characters, wild humor, and frenetic battles. Gyro leads the race at the end of the first stage—but it’s too soon to celebrate just yet. Three competitors have turned up dead, and the famous cowboy Mountain Tim has just been deputized to find the culprits. Following the trail of horseshoe tracks, he sets his sights on Johnny and Gyro. But as the three men collide in the hostile Arizona desert, it quickly becomes clear that the second stage of this race may just be their last!",820,,0,English,Hardcover,"14.61, 3.56, 20.96",cm,,,9781974755172
https://www.bookdelivery.com/il-en/book-john-thompson-s-adult-piano-course-book-2-later-elementary-to-early-intermediate-level/9781480353121/p/50015975,John Thompson's Adult Piano Course - Book 2: Later Elementary to Early Intermediate Level - John Thompson,Arts,Arts,John Thompson,56.06,18.63,,"""John Thompson's Adult Piano Course - Book 2: Later Elementary to Early Intermediate Level"" (Willis). NEW AND IMPROVED! Recently re-engraved and updated, John Thompson's Adult Piano Course was compiled with the mature student in mind. Adults have the same musical road to travel as the younger student, but the study material for a mature student will differ slightly in content. Since these beloved books were written and arranged especially for adults, they contain a wonderful mix of classical arrangements, well-known folk-tunes and outstanding originals that many will find a pleasure to learn and play. Most importantly, the student is always encouraged to play as artistically and with as much musical understanding as possible. The accompanying audio is accessed through Hal Leonard's popular MyLibrary system using the provided code. The audio can be streamed or downloaded and includes PLAYBACK+, a multi-functional audio player that allows you to slow down audio without changing pitch, set loop points, change keys, and pan left or right.",1050,,0,English,Paperback,"30.0, 22.6, 1.0",cm,0.32.,kg,9781480353121
https://www.bookdelivery.com/il-en/book-architectural-digest-at-100-a-century-of-style/9781419733338/p/52019550,"Architectural Digest at 100: A Century of Style  - Astley, Amy ; Architectural Digest ; Wintour, Anna",Arts,Arts,"Architectural Digest, Amy Astley, Anna Wintour",283.17,94.08,2019.0,"""Architectural Digest at 100: A Century of Style "" A rich visual history of Architectural Digest, published for the magazine's 100th anniversary  Architectural Digest at 100 celebrates the best from the pages of the international design authority. The editors have delved into the archives and culled years of rich material covering a range of subjects. Ranging freely between present and past, the book features the personal spaces of dozens of private celebrities like Barack and Michelle Obama, David Bowie, Truman Capote, David Hockney, Michael Kors, and Diana Vreeland, and includes the work of top designers and architects like Frank Gehry, David Hicks, India Mahdavi, Peter Marino, John Fowler, Renzo Mongiardino, Oscar Niemeyer, Axel Vervoordt, Frank Lloyd Wright, and Elsie de Wolfe. Also included are stunning images from the magazine's history by photographers such as Bill Cunningham, Horst P. Horst, Simon Upton, Francois Dischinger, Francois Halard, Julius Shulman, and Oberto Gili.",996,,2,English,Hardcover,"33.8, 26.2, 3.8",cm,3.52.,kg,9781419733338
https://www.bookdelivery.com/il-en/book-the-last-resort-photographs-of-new-brighton/9781904587798/p/3752149,The Last Resort: Photographs of New Brighton - Martin Parr,Arts,Arts,Martin Parr,128.96,42.85,2010.0,"""The Last Resort: Photographs of New Brighton"" When Martin Parr's 'The Last Resort' was first published and exhibited in 1986, it divided critics and audiences alike. Some saw it as the finest achievement to date of colour photography in Britain whilst others viewed it as an aberration. In hindsight, there is little doubt that it transformed documentary photography in Britain and placed Parr amongst the world's leading photographers. A highly collectable edition of a book that is now considered a classic.",510,,0,English,Hardcover,"24.6, 30.2, 1.5",cm,0.82.1904587798,kg,9781904587798
https://www.bookdelivery.com/il-en/book-sonatina-album-schirmer-library-of-classics-volume-51-piano-solo-schirmer-s-library-of-musical-classics/9780793525539/p/1647276,Sonatina Album: Schirmer Library of Classics Volume 51 Piano Solo (Schirmer' S Library of Musical Classics)  - Hal Leonard Corp,Arts,Arts,"Louis Kohler, Ludwig Klee",56.06,18.63,,"""Sonatina Album: Schirmer Library of Classics Volume 51 Piano Solo (Schirmer' S Library of Musical Classics) "" (Piano Collection). Contents: Kuhlau: Sonatinas Op. 20 (No. 1 in C, No. 2 in G, No. 3 in F), Sonatinas Op. 55 (No. 1 in C, No. 2 in G, No. 3 in C) * Clementi: Sonatinas Op. 36 (No. 1 in C, No. 2 in G, No. 3 in C, No. 4 in F, No. 5 in G, No. 6 in D) * Haydn: Sonatina in C * Mozart: Rondo in D, Sonata I in C * Beethoven: Rondo, Op. 51, No. 1 in C, Andante from Symphony No. 1, Sonatinas Op. 49 (No. 1 in G minor, No. 2 in G) * Dussek: Sonatina Op. 20, No. 1 in G * J.S. Bach: Prelude No. 1 in C * Haydn: Adagio in E, Andante grazioso in Bo, Allegro in F, Andante in C * Schubert: from Impromptu Op. 142, No. 3; Scherzo in Bo, Op. posth.; from Sonata in A, Op. 120 * Weber: Variation on Vien qua Dorina bella Op. 7 * Mendelssohn: Fantasia in A minor, Op. 16, No. 1.",875,,0,English,Paperback,"30.5, 22.8, 0.8",cm,0.44.0793525535,kg,9780793525539
https://www.bookdelivery.com/il-en/book-avatar-the-way-of-water-the-visual-dictionary/9780744028706/p/54498606,"Avatar the way of Water the Visual Dictionary  - Izzo, Joshua ; Weaver, Sigourney ; Berger, Zachary",Arts,Arts,"Joshua Izzo, Zachary Berger, Sigourney Weaver",94.53,31.41,2022.0,"""Avatar the way of Water the Visual Dictionary "" Dive into the depths of Avatar: The Way of Water with this definitive guide. Created in close collaboration with James Cameron’s Lightstorm Entertainment and written by experts who worked on the film, this authoritative book is packed with stunning exclusive details. This must-have visual guide showcases the characters, creatures, vehicles, weapons, and locations from the latest adventure in Pandora. Meet the next generation of Jake Sully and Neytiri’s family, including the mysterious Kiri and the heroic Neteyam, and their brave new allies among the Metkayina clan. Discover the majestic tulkun, speedy skimwings, and the other fauna and flora of Pandora’s oceans. Examine the latest fearsome RDA vehicles and the specialist recom troops under Colonel Quaritch’s command. Uncover the inner workings of Bridehead City and the sacred Cove of the Ancestors. With a foreword by Sigourney Weaver, Avatar: The Way of Water: The Visual Dictionary is the perfect gift for Avatar fans of all ages. © 2022 20th Century Studios.",1072,,0,English,Hardcover,"30.5, 25.9, 1.5",cm,1.02.,kg,9780744028706
https://www.bookdelivery.com/il-en/book-the-complete-pattern-directory-1500-designs-from-all-ages-and-cultures-by-wilhide-elizabeth-hardcover/9780316418232/p/51111310,"The Complete Pattern Directory: 1500 Designs From all Ages and Cultures by Wilhide, Elizabeth [Hardcover ] - Wilhide, Elizabeth",Arts,Arts,Elizabeth Wilhide,149.85,49.79,2018.0,"""The Complete Pattern Directory: 1500 Designs From all Ages and Cultures by Wilhide, Elizabeth [Hardcover ]"" An essential resource for any designer, crafter, artist, or historian, The Complete Pattern Dictionary is the most comprehensive, practical, and beautiful directory of patterns throughout history, covering all periods, styles, and cultures.   Throughout history, patterns have come in countless permutations of motif, color, and scale. From the first rhythmic marks pressed onto clay vessels, to the latest digital design, pattern-making has been an essential part of the decorative arts since time immemorial.  With 1500 illustrations of patterns from all ages and cultures, The Complete Pattern Dictionary is not only a visual feast, it is the most comprehensive resource available on the subject. The book is arranged thematically according to pattern type, with chapters on Flora, Fauna, Pictorial, Geometric, and Abstract designs. Each pattern includes the name of the pattern, the year of its creation, and a brief description. The categories are supplemented by in-depth features highlighting the work of key designers including William Morris, Sonia Delaunay, Charles and Ray Eames, Lucienne Day, and Orla Kiely, as well as sections detailing the characteristic motifs of key period styles from Baroque to Art Deco.",1332,,0,English,Hardcover,"23.1, 22.4, 5.8",cm,2.59.,kg,9780316418232
https://www.bookdelivery.com/il-en/book-useless-magic-lyrics-and-poetry/9780525577157/p/50571769,"Useless Magic: Lyrics and Poetry  - Welch, Florence",Arts,Arts,Florence Welch,76.35,25.37,2018.0,"""Useless Magic: Lyrics and Poetry "" Lyrics and never-before-seen poetry and sketches from the iconic musician of Florence and the Machine Songs can be incredibly prophetic, like subconscious warnings or messages to myself, but I often don't know what I'm trying to say till years later. Or a prediction comes true and I couldn't do anything to stop it, so it seems like a kind of useless magic.",394,,12,English,Hardcover,"21.8, 17.5, 2.8",cm,0.82.,kg,9780525577157
https://www.bookdelivery.com/il-en/book-magnum-contact-sheets/9780500292914/p/48405224,"Magnum Contact Sheets  - Lubben, Kristen",Arts,Arts,Kristen Lubben,159.12,52.87,2017.0,"""Magnum Contact Sheets "" Available for the first time in an accessible paperback edition, this groundbreaking book presents a remarkable selection of contact sheets and ancillary material, revealing how the most celebrated Magnum photographers capture and edit the very best shots. Addressing key questions of photographic practice, the book illuminates the creative methods, strategies, and editing processes behind some of the world's most iconic images.Featured are 139 contact sheets from sixty- nine photographers, as well as zoom-in details, selected photographs, press cards, notebooks, and spreads from contemporary publications including Life magazine and Picture Post. Further insight into each contact sheet is provided by texts written by the photographers themselves or by experts chosen by the members' estates. Many of the acknowledged greats of photography are featured, including Henri Cartier- Bresson, Elliott Erwitt, and Inge Morath, as well as such members of Magnum's latest generation as Jonas Bendiksen, Alessandra Sanguinetti, and Alec Soth. The contact sheets cover over seventy years of history, from Robert Capa's Normandy landings and the Paris riots of 1968 via Bruno Barbey, to images of Che Geuvara by René Burri, Malcolm X by Eve Arnold, and portraits of classic New Yorkers by Bruce Gilden.",1324,,0,English,Paperback,"29.2, 24.1, 3.8",cm,2.81.,kg,9780500292914
https://www.bookdelivery.com/il-en/book-dune-exposures/9781647229269/p/56156394,"Dune: Exposures - Brolin, Josh ; Fraser, Greig",Arts,Arts,"Josh Brolin, Greig Fraser",175.39,58.27,,"""Dune: Exposures"" Explore the creation of Denis Villeneuve's film adaptations of Dune through this evocative fusion of actor Josh Brolin's sublime writing and cinematographer Greig Fraser's intimate set photography. During the shooting of Dune: Part One and Dune: Part Two, Greig Fraser went beyond standard unit photography and documented the filming process using still photography on a variety of cameras. This led the cinematographer on an unexpected creative journey that yielded an electrifying gallery of photographs. Meanwhile, Brolin, who plays Warmaster Gurney Halleck in the two films, shares his on-set experience through his vivid, poignant writing. Brolin and Fraser developed a unique bond during production, solidifying a connection that led to this remarkable collaboration that seamlessly juxtaposes the actor's enthralling writing with the cinematographer's striking images. An exceptional new way to experience life on the set of the Dune film adaptations, this thrilling ode to the art of filmmaking from two of the most revered artists in the industry is an unmissable publishing event. STUNNING IMAGES:  Curated from photos shot throughout the filming of Dune and Dune: Part Two by cinematographer Greig Fraser, this remarkable volume features his intimate images coupled with Josh Brolin's poignant writing. EXCLUSIVE CONTENT:  Witness candid moments between director Denis Villeneuve and key cast members, including Timothée Chalamet, Rebecca Ferguson, Oscar Isaac, Josh Brolin, Zendaya, and Javier Bardem. UNPARALLELED COLLECTOR'S ITEM:  Singular and unprecedented, Dune: Exposures is a powerful tribute to the films that offers fans a rare and unique look into the experience of creating the movies. COMPLETE YOUR DUNE FILM COLLECTION:  Dune: Exposures is the perfect companion volume to the acclaimed Insight Editions book The Art and Soul of Dune and its sequel The Art and Soul of Dune: Part Two",1925,,2,English,Hardcover,"28.4, 22.4, 2.6",cm,1.28.,kg,9781647229269
https://www.bookdelivery.com/il-en/book-everybody-likes-the-piano-a-direct-modern-approach-to-piano-fundamentals-book-1/9780825651953/p/19057512,Everybody Likes the Piano: A Direct Modern Approach to Piano Fundamentals - Book 1  - Joseph M. Estella,Arts,Arts,Joseph M. Estella,40.89,13.59,1996.0,"""Everybody Likes the Piano: A Direct Modern Approach to Piano Fundamentals - Book 1 "" (Ashley Publications). This book will help players develop good hand position, steady rhythm, and continuity. It presents the basic rudiments of music and technique in a pleasant, natural manner.",281,,0,English,Paperback ISBN 0825651956,,,,,9780825651953
https://www.bookdelivery.com/il-en/book-botany-for-the-artist/9781465494283/p/52031912,Botany for the Artist  - Sarah Simblet,Arts,Arts,Sarah Simblet,123.27,40.96,2020.0,"""Botany for the Artist "" This beautifully illustrated guide to botany in art explores the extraordinary world of plants and inspires you to try drawing them yourself.Understanding botany helps any artist draw plants better. In Botany for the Artist, celebrated artist Sarah Simblet takes you on a journey of discovery through the kingdom of plants--from tiny ferns and mosses to exotic flowers and majestic trees--encouraging you to observe them more closely and draw them more accurately. Complemented by beautiful photographic plant portraits, Sarah's drawings reveal the structure of roots, stems, leaves, flowers, and fruits as she explains how plants breathe, feed, and produce fruits. If you have ever wondered how photosynthesis works, why leaves change color in the fall, where plants store food, or how seeds know when to grow, Botany for the Artist has all the answers.Step-by-step drawing classes and detailed pages from Sarah's sketchbooks guide you through all the techniques that you need to draw plants successfully. Master classes by famous artists--from Renaissance masters to contemporary illustrators--showcase different approaches to drawing and painting plants over the centuries. Botany for the Artist is a visual feast, not just for anyone wishing to create fresh, vibrant, drawings, but for gardeners, photographers, and everyone who is passionate about plants and how they are portrayed in art.",1419,,0,English,Hardcover,,,,,9781465494283
https://www.bookdelivery.com/il-en/book-berserk-deluxe-volume-2/9781506711997/p/51895752,Berserk Deluxe Volume 2  - Kentaro Miura,Arts,Arts,"Duane Johnson, Kentaro Miura",127.13,42.24,2019.0,"""Berserk Deluxe Volume 2 "" The reigning king of adult fantasy manga now in deluxe 7x10 hardcover editions! Born in tragedy, raised in abuse and neglect, young Guts is hardened into a warrior of fearsome prowess and fearless will, drawing the attention of the charismatic Griffith, commander of the elite mercenary legion, the Band of the Hawk. This crossroad will take Guts to fame and glory . . . and to damnation! Kentaro Miura's Berserk has cast its enormous shadow for three decades, creating an international legion of acolytes and inspiring a parade of TV series, feature films, and video games. And now celebrating its thirtieth anniversary, the entire Berserk series is being released in handsome oversized bookshelf format, each collecting three volumes of the original manga.",785,,35,English,Hardcover,"26.2, 18.8, 5.1",cm,1.89.,kg,9781506711997
https://www.bookdelivery.com/il-en/book-jojo-a-go-go/9781974746859/p/56219560,Jojo A-Go!go! - Hirohiko Araki,Arts,Arts,Hirohiko Araki,89.97,29.9,,"""Jojo A-Go!go!"" Let's JoJo A-Go!Go! Hirohiko Araki's JoJo's Bizarre Adventure is a beloved epic with dedicated fans everywhere under the sun. The art book JoJo A-Go!Go! collects exclusive illustrations and color pages as it dances through Stardust Crusaders, Diamond Is Unbreakable, and Golden Wind--and it even includes a peek at Stone Ocean! Available for the first time as a standalone hardcover, this collection of Araki's beautifully bizarre artwork is a truly deluxe package, a funky look at the all-star characters and good vibes that made JoJo's Bizarre Adventure a success!",582,,8,English,Hardcover,,,0.85.,kg,9781974746859
https://www.bookdelivery.com/il-en/book-the-legend-of-zelda-tears-of-the-kingdom-the-complete-official-guide-collector-s-edition/9781913330002/p/55007037,The Legend of Zelda™: Tears of the Kingdom – the Complete Official Guide: Collector's Edition  - Piggyback,Arts,Arts,Piggyback,123.45,41.02,,"""The Legend of Zelda™: Tears of the Kingdom – the Complete Official Guide: Collector's Edition "" The Legend of Zelda: Tears of the Kingdom offers a vast world full of varied quests, challenging puzzles, ferocious monsters, and unique sights to behold. Working closely with Nintendo(R), we have created the authoritative, all-encompassing guide that this game so richly deserves. We have explored all features and facets of The Legend of Zelda: Tears of the Kingdom with a single mission: to help you discover and enjoy every moment of this game. ANSWERS REVEALED!  Every puzzle, riddle, and mystery solved.  RELIABLE WALKTHROUGHS  Follow our curated playthrough, or go your own way and access expert advice whenever you need it.  COMPREHENSIVE ATLAS OF HYRULE  Plan expeditions and identify all points of interest with stunning annotated maps.  100% COMPLETE  All quests covered Visual walkthroughs Detailed maps Annotated screenshots Character progression  (c) 2023 Piggyback Interactive Limited. All rights reserved.  Piggyback(R) is a registered trademark of Piggyback Interactive Limited.  PIGGYBACK.COM and the Piggyback logo are trademarks of Piggyback Interactive Limited.  TM & (c) 2023 Nintendo.",1204,,2,English,Hardcover,,,,,9781913330002
https://www.bookdelivery.com/il-en/book-the-secret-history/9781400031702/p/1685651,"The Secret History - Tartt, Donna",Arts,Arts,Donna Tartt,48.82,16.22,1992.0,"""The Secret History"" A READ WITH JENNA BOOK CLUB PICK - ONE OF TIME MAGAZINE'S 100 BEST MYSTERY AND THRILLER BOOKS OF ALL TIME - INTERNATIONAL BESTSELLER - A contemporary literary classic and ""an accomplished psychological thriller ... absolutely chilling"" (Village Voice), from the Pulitzer Prize-winning author of The Goldfinch. One of The Atlantic's Great American Novels of the Past 100 Years Under the influence of a charismatic classics professor, a group of clever, eccentric misfits at a New England college discover a way of thought and life a world away from their banal contemporaries. But their search for the transcendent leads them down a dangerous path, beyond human constructs of morality. ""A remarkably powerful novel [and] a ferociously well-paced entertainment . . . Forceful, cerebral, and impeccably controlled."" --The New York Times",854,,12,English,Paperback,"20.1, 13.0, 2.5",cm,0.39.9781400031702,kg,9781400031702
https://www.bookdelivery.com/il-en/book-adult-piano-adventures-all-in-one-piano-course-book-1-book-with-media-online/9781616773021/p/3763481,Adult Piano Adventures All-In-One Piano Course Book 1: Book With Media Online  - Randall y Nancy Faber,Arts,Arts,"Randall y Nancy Faber, Randall Faber",82.02,27.25,2002.0,"""Adult Piano Adventures All-In-One Piano Course Book 1: Book With Media Online "" (Faber Piano Adventures ). Adult Piano Adventures enables the adult beginner to play music for pleasure while developing musical understanding. This comprehensive ""All-In-One"" book includes lessons, technique, and theory in a single volume for ease of use. Book 1 presents the fundamentals of music notation, chord playing, and musical form. The redesigned layout improves information hierarchy, putting focus on key concepts and step-by-step learning. Online support is now included, with over two hours of instructional videos and audio accompaniment tracks that inspire rhythmic vitality and artistic expression. Songs include: Amazing Grace * The Can-Can * Catch a Falling Star * Danny Boy * Eine Kleine Nachtmusik * The Entertainer * Greensleeves * The Lion Sleeps Tonight * and more! View Helpful Introductory Videos Here",908,,4,English,Spiral,"29.5, 22.9, 1.3",cm,0.60.1616773022,kg,9781616773021
https://www.bookdelivery.com/il-en/book-berserk-deluxe-volume-1/9781506711980/p/51598673,Berserk Deluxe Volume 1  - Kentaro Miura,Arts,Arts,"Jason Deangelis, Kentaro Miura",127.13,42.24,2019.0,"""Berserk Deluxe Volume 1 "" Have you got the Guts? Kentaro Miura's Berserk has outraged, horrified, and delighted manga and anime fanatics since 1989, creating an international legion of hardcore devotees and inspiring a plethora of TV series, feature films, and video games. And now the badass champion of adult fantasy manga is presented in an oversized 7 x 10 deluxe hardcover edition, nearly 700 pages amassing the first three Berserk volumes, with following volumes to come to serve up the entire series in handsome bookshelf collections. No Guts, no glory! Have you got the Guts? Kentaro Miura's Berserk has outraged, horrified, and delighted manga and anime fanatics since 1989, creating an international legion of hardcore devotees and inspiring a plethora of TV series, feature films, and video games. And now the badass champion of adult fantasy manga is presented in an oversized 7 x 10 deluxe hardcover edition, nearly 700 pages amassing the first three Berserk volumes, with following volumes to come to serve up the entire series in handsome bookshelf collections. No Guts, no glory!",1096,,87,English,Hardcover,"26.2, 18.8, 5.1",cm,1.84.,kg,9781506711980
https://www.bookdelivery.com/il-en/book-sneaker-freaker-the-ultimate-sneaker-book-40th-ed/9783836597982/p/56854743,"Sneaker Freaker. the Ultimate Sneaker Book. 40th Ed. - Wood, Simon",Arts,Arts,Simon Wood,93.5,31.07,,"""Sneaker Freaker. the Ultimate Sneaker Book. 40th Ed."" Back in 2002, Simon ""Woody"" Wood was dreaming up schemes to get free sneakers. Two weeks later, he was the proud owner of Sneaker Freaker and his life was never the same.  From its early roots as a punk-style fanzine to today's super-slick print and online operations, the fiercely independent publication has documented every collab, custom, limited edition, retro reissue, Quickstrike, Hyperstrike, and Tier Zero sneaker released over the last 20 years.  Woody's original premise that Sneaker Freaker would be ""funny and serious, meaningful and pointless at the same time"" has certainly been vindicated in The Ultimate Sneaker Book. With more than 500 pages jam-packed with insider knowledge and his own irreverent observations, the insane historical detail and otaku-level minutiae is beyond obsessive.  Traversing 100 years of history, each chapter paints a rollicking picture of the sneaker industry's evolution. Air Max, Air Force, Adi Dassler, Converse, Dapper Dan, Dee Brown, and Michael Jordan--along with obscure treasures like Troop, Airwalk, and Vision Street Wear--are all exhaustively documented.  This is a definitive source of knowledge. This is... The Ultimate Sneaker Book!",1246,,4,English,Hardcover,"15.6, 21.7",cm,,,9783836597982
https://www.bookdelivery.com/il-en/book-godzilla-the-official-pop-up-book/9798886636161/p/61956192,Godzilla: The Official Pop-Up Book - Matthew Reinhart,Arts,Arts,Matthew Reinhart,97.61,32.43,2024.0,"""Godzilla: The Official Pop-Up Book"" Unleash the immense power of Godzilla with this pop-up masterpiece by world-renowned paper engineer Matthew Reinhart featuring vintage artwork reinvented for a modern audience. This one-of-a-kind collectible explores the rich history of Godzilla lore in a visual feast worthy of the King of Monsters. Behold the stunningly stylized renderings of Godzilla and the many monsters from Monster Island in this one-of-a kind collectible. Delve into the lore of the monster with fascinating information and insightful analysis written by an expert in Godzilla's history, while coming face-to-face with the creature in stunning 3-D. Featuring expanding flaps, pull-tab attacks, and one of the tallest pop-ups to ever rise from the depths of a book, this title is a true celebration of the King of Monsters. A TRUE CLASSIC: Celebrate over 70 years of rich history with the monster that launched a momentous film franchise. KAIJU POP: Unleash the mighty Godzilla with a standout pop-up that rises over a foot tall off the pages. A MONSTER PAIRING: Matthew Reinhart's intricate paper engineering mixed with the lush illustrations of Yuko Shimizu brings the classic look of the monster to life in a stunning art piece to enjoy and display. READ MORE ABOUT IT: Fascinating facts and tantalizing trivia bring the pages to life with an in-depth analysis of Godzilla lore. THE GODZILLA FILES: Includes over 15 removable documents detailing the history of the creature and its friends and foes.",1514,,5,English,Hardcover,"25.1, 31.0, 3.3",cm,0.35.,kg,9798886636161
https://www.bookdelivery.com/il-en/book-mastering-composition-techniques-and-principles-to-dramatically-improve-your-painting/9781581809244/p/1907294,"mastering composition,techniques and principles to dramatically improve your painting - Roberts, Ian",Arts,Arts,Ian Roberts,91.64,30.45,,"""mastering composition,techniques and principles to dramatically improve your painting"" Create Better Compositions by Design The path to better painting begins with Mastering Composition. This effective guide blends clear, visual instruction with 5 step-by-step demonstrations to show you how to plan and paint your best work yet. Composition is the key, and here you'll learn to design paintings with new skill and confidence. It all begins with the armature or structure of the picture plane. Every great painting has one, and you'll see through several famous examples exactly how the Old Masters used armatures to create movement, narrative, harmony and fluidity. Based on these examples, you'll practice what you've learned following a series of hands-on demonstrations. Once you understand the basic principles of design, you'll be amazed at how quickly and effectively your compositions come together. Soon you will be painting more boldly and confidently than ever before with less reworking and overworking. Whether you're a beginner looking for basic instruction or a more advanced painter troubleshooting a specific problem, the proven methods in this book will work for you. Ideal for all mediums, Mastering Composition gives you the knowledge you need to create powerful paintings out of every subject.",1315,,4,English,Hardcover,"28.4, 22.1, 2.3",cm,0.91.1581809247,kg,9781581809244
https://www.bookdelivery.com/il-en/book-adult-all-in-one-course-level-1-lesson-theory-technic/9780882848181/p/1587147,"adult all-in-one course level 1,lesson-theory-technic - Amanda Vick Lethco",Arts,Arts,"Morton Manus, Willard A. Palmer, Amanda Vick Lethco",74.07,24.61,,"""adult all-in-one course level 1,lesson-theory-technic"" Alfred's Basic Adult All-in-One Course is designed for use with a piano instructor for the beginning student looking for a truly complete piano course. It is a greatly expanded version of Alfred's Basic Adult Piano Course that will include lesson, theory, and technique in a convenient, all-in-one format. This comprehensive course adds such features as isometric hand exercises, finger strengthening drills, and written assignments that reinforce each lesson's concepts. There is a smooth, logical progression between each lesson, a thorough explanation of chord theory and playing styles, and outstanding extra songs, including folk, classical, and contemporary selections. At the completion of this course, the student will have learned to play some of the most popular music ever written and will have gained a good understanding of basic musical concepts and styles. Titles: Alouette * Alpine Melody * Amazing Grace * Au Claire de la Lune * Aunt Rhody * Auld Lang Syne * Aura Lee * The Bandleader * Beautiful Brown Eyes * Blow the Man Down! * Blues for Wynton Marsalis * Brother John * Café Vienna * The Can-Can * Chasing the Blues Away * Chiapanecas * Cockles and Mussels * The Cuckoo * Day is Done * Dueling Harmonics * The Entertainer * A Friend Like You * Go Down, Moses * Good King Wenceslas * Good Morning to You! * Good People * Got Those Blues * Greensleeves * Happy Birthday to You! * Harmonica Rock * Harp Song * Here's a Happy Song! * He's Got the Whole World in His Hands * I'm Gonna Lay My Burden Down * Jericho * Jingle Bells * Joy to the World! * Kum-ba-yah! * Largo (Dvorak) * Lavender's Blue * Lightly Row * Little Brown Jug * Liza Jane * London Bridge * Lone Star Waltz * Love Somebody * Lullaby * The Marine's Hymn * Mary Ann * Merrily We Roll Along * Mexican Hat Dance * Michael, Row the Boat Ashore * Money Can't Buy Everything * My Fifth * Ode to Joy * On Top of Old Smoky * O Sole Mio * Raisins and Almonds * Rock Along * Rockets * Rockin' Intervals * Rock It Away! * Sc",2054,,0,English,Paperback,"29.7, 23.4, 1.3",cm,0.52.0882848186,kg,9780882848181
https://www.bookdelivery.com/il-en/book-bedtime-stories-for-privileged-children-charming-tales-of-wealth-and-entitlement-for-tots-who-were-simply-born-better/9781800962095/p/56208639,"Bedtime Stories for Privileged Children: Charming Tales of Wealth and Entitlement for Tots Who Were Simply Born Better - Foxx, Daniel",Arts,Arts,Daniel Foxx,60.53,20.11,,"""Bedtime Stories for Privileged Children: Charming Tales of Wealth and Entitlement for Tots Who Were Simply Born Better"" A whip-smart, funny and very of the moment parody of uber-rich extravagance from brilliant, upcoming comedian Daniel Foxx.  Author and comedian Daniel Foxx presents a wonderful collection of stories especially for the little darlings of the fabulously wealthy - that can also be enjoyed by YOU, the downtrodden, pitiful, ordinary adult!  Read about the everyday adventures of Rupert, Shallotte and Genevievette as they ski, holiday, and drift around Selfridges - while always keeping a healthy distance from the dreaded hoi polloi!  Other magical adventures include:  Rupert goes on holiday! But what is 'duty free'? And why do poor people love it so much?  Pippa and Retinol go for a picnic! But they can't find any Parma ham!!  Lily goes with Daddy to work! And fires Kate from marketing!!  BEDTIME STORIES FOR PRIVILEGED CHILDREN is the perfect Christmas gift - whether you're wintering in Aspen, summering in Tuscany, or simply want to keep the little ones quiet in the back of the Range Rover Evoque.",1126,,0,English,Hardcover,"24.1, 15.9, 1.4",cm,,,9781800962095
https://www.bookdelivery.com/il-en/book-all-in-one-piano-lessons-book-b/9781423470984/p/2734031,"all-in-one piano lessons book b - Kern, Fred ; Kreader, Barbara ; Keveren, Phillip",Arts,Arts,"Phillip Keveren, Fred Kern, Barbara Kreader",56.06,18.63,,"""all-in-one piano lessons book b"" (Educational Piano Library). All-In-One Piano Lessons Book B combines selected pages from the Piano Lessons, Technique, Solos, Theory Workbook, and Practice Games into one easy-to-manage book. A perfect choice for beginning group or private instruction, this book offers students a variety of styles and moods, and includes the best ever teacher accompaniments now available online for download or streaming! Upon completion of the All-In-One Piano Lessons Book A, students will be ready to continue into the All-In-One Piano Lessons Book B. After completing Books A & B, students are ready to progress to Level 2 of the Hal Leonard Student Piano Library.",689,,0,English,Paperback,"29.5, 22.4, 1.3",cm,0.32.1423470982,kg,9781423470984
https://www.bookdelivery.com/il-en/book-out-of-the-box-the-rise-of-sneaker-culture/9780847846603/p/47044709,"Out of the Box: The Rise of Sneaker Culture  - Garcia, Bobbito ; Semmelhack, Elizabeth ; Lepri, Emanuele",Arts,Arts,"Elizabeth Semmelhack, Bobbito Garcia, Emanuele Lepri",133.44,44.34,2015.0,"""Out of the Box: The Rise of Sneaker Culture "" A groundbreaking traveling exhibition,  Out of the Box showcases sneakers, from the mid-nineteenth century to sports performance breakthroughs, to present-day cultural icons. ﻿Drawn from the collection of the Bata Shoe Museum and significant private collectors, museums, and archives--including adidas AG, Converse Archives, Kosow Sneaker Museum, Nike Archives, Northampton Museums and Art Gallery, and Reebok Archives--this selection is richly contextualized with interviews and essays by design innovators, sneaker collectors, and cultural historians, creating a backdrop of the technical innovation, fashion trends, social history, and marketing campaigns that shaped the form over the past two centuries. Out of the Box includes sneakers ranging from an 1860 spiked running shoe, a pair of 1936 track shoes, Air Jordans I-XX3, the original Air Force 1, and early Adidas Superstars to contemporary sneakers by prominent figures including Damien Hirst, Jeremy Scott, Jeff Staple, and Kanye West. The book also highlights sneakers and prototype drawings that span the career of Nike sneaker design legend Tinker Hatfield, making this the definitive illustrated history of sneaker culture.",1236,,0,English,Hardcover,"30.5, 25.9, 2.5",cm,1.81.,kg,9780847846603
https://www.bookdelivery.com/il-en/book-armonia-ilustrada/9786310100616/p/64625434,Armonía Ilustrada (in Spanish) - Brian Callipari,Arts,Arts,Brian Callipari,173.85,57.76,2025.0,"""Armonía Ilustrada (in Spanish)"" Armonía Ilustrada es una guía visual para explorar la armonía musical desde una mirada lúdica, libre y creativa. A través de gráficos llenos de color, el libro invita a desprenderse del concepto rígido de tonalidad y descubrir caminos que sin los diagramas sería difícil imaginar. No es un manual académico: es una herramienta para disfrutar con la música, encontrar ideas para componer canciones y perderse (o encontrarse) en laberintos armónicos. Incluye textos explicativos de teoría musical, reflexiones filosóficas y propuestas para seguir jugando de forma autodidacta. No contiene partituras, solo cifrados de acordes. Si sabés tocar acordes mayores, menores, disminuidos, aumentados, y podés seguir flechas... Este libro es para vos.",773,,4,Spanish,Paperback,"21, 30",cm,,,9786310100616
https://www.bookdelivery.com/il-en/book-john-derian-sticker-book-john-derian-paper-goods/9781648291012/p/53731889,John Derian Sticker Book (John Derian Paper Goods)  - John Derian,Arts,Arts,John Derian,100.54,33.41,2021.0,"""John Derian Sticker Book (John Derian Paper Goods) "" An InStyle 2021 gift guide pick John Derian Sticker Book, from revered designer John Derian, offers a curated collection of over 500 stickers that allow adults and children to add a touch of beauty to any surface with these beautiful images of blooming flowers, charming critters, and darling forest animals.  John Derian first caught the eye of tastemakers and design gurus with his now iconic collectible plates, decoupaged with 19th-century artwork sourced from old and rare books. Derian's home goods empire has since grown to global recognition, including the New York Times bestseller John Derian Picture Book, which perfectly captures the artist's unique and timeless eye.",733,,4,English,Hardcover,"21.0, 16.4, 3.8",cm,1.07.,kg,9781648291012
https://www.bookdelivery.com/il-en/book-trinity-college-london-rock-pop-2018-drums-grade-2-trinity-rock-pop/9780857366405/p/51200685,Trinity College London Rock & pop 2018 Drums Grade 2 (Trinity Rock & Pop)  -  Varios Autores,Arts,Arts,Varios autores,73.98,24.58,2017.0,"""Trinity College London Rock & pop 2018 Drums Grade 2 (Trinity Rock & Pop) "" Trinity College London's Rock and Pop graded songbooks contain real songs from legendary artists, with specially written performance notes for the Rock and Pop exams from 2018. This book contains material intended for Drums at grade 2.",312,,0,English,Sheet Music,,,,,9780857366405
https://www.bookdelivery.com/il-en/book-the-creative-act-a-way-of-being/9780593652886/p/54480492,The Creative Act: A way of Being  - Rick Rubin,Arts,Arts,Rick Rubin,62.8,20.87,,"""The Creative Act: A way of Being "" The #1 New York Times bestseller. From the legendary music producer, a master at helping people connect with the wellsprings of their creativity, comes a beautifully crafted book many years in the making that offers that same deep wisdom to all of us. ""A gorgeous and inspiring work of art on creation, creativity, the work of the artist. It will gladden the hearts of writers and artists everywhere, and get them working again with a new sense of meaning and direction. A stunning accomplishment."" --Anne Lamott ""I set out to write a book about what to do to make a great work of art. Instead, it revealed itself to be a book on how to be."" --Rick Rubin Many famed music producers are known for a particular sound that has its day. Rick Rubin is known for something else: creating a space where artists of all different genres and traditions can home in on who they really are and what they really offer. He has made a practice of helping people transcend their self-imposed expectations in order to reconnect with a state of innocence from which the surprising becomes inevitable. Over the years, as he has thought deeply about where creativity comes from and where it doesn't, he has learned that being an artist isn't about your specific output, it's about your relationship to the world. Creativity has a place in everyone's life, and everyone can make that place larger. In fact, there are few more important responsibilities. The Creative Act is a beautiful and generous course of study that illuminates the path of the artist as a road we all can follow. It distills the wisdom gleaned from a lifetime's work into a luminous reading experience that puts the power to create moments--and lifetimes--of exhilaration and transcendence within closer reach for all of us.",1810,,18,English,Hardcover,"21.6, 15.7, 3.3",cm,0.61.,kg,9780593652886
https://www.bookdelivery.com/il-en/book-beauty-is-in-the-street-a-visual-record-of-the-may-68-paris-uprising/9780956192837/p/4494854,"Beauty is in the Street: A Visual Record of the may '68 Paris Uprising - Kugelberg Johan,Vermès Philippe",Arts,Arts,"Kugelberg Johan,Vermès Philippe",111.05,36.9,2011.0,"""Beauty is in the Street: A Visual Record of the may '68 Paris Uprising"" In May 1968, thousands of workers and students took to the streets of Paris, provoking an unprecedented wave of strikes, walkouts and demonstrations. The confrontations between police and protesters led to a general strike of eleven million workers that brought the country to a virtual standstill and nearly toppled Charles de Gaulle's government. The faculty and student body of the Ecole des Beaux Arts were among the strikers, and a number of the students met spontaneously in the college's lithographic department to produce the first poster of the revolt, which bore the declaration ""Usines, Universités, Union"" (""Factories and universities unite,"" loosely translated). From this initiative was born the Atelier Populaire (or ""popular workshop"" ), a collective of print shops that produced hundreds of posters to encourage the protestors and to report on police brutality. These posters included many of the often Situationist-inspired mottos for which May '68 is remembered today, such as ""Be young and shut up"" and ""return to normal"" (accompanied by a picture of a herd of sheep). Beauty Is in the Street reproduces more than 200 of these posters in full color, which have since become landmarks in political art and graphic design. Also included is a thumbnail index of an additional 411 posters; a wealth of archival documentary photographs and new translations of firsthand accounts of the clashes between the students and strikers and the police, many published in English for the first time; and an introduction by Philippe Vermès, one of the founders of the Atelier Populaire.",1663,,0,English,Hardcover,"28.8, 23.9, 3.4",cm,1.63,gr,9780956192837
https://www.bookdelivery.com/il-en/book-creative-abstract-watercolor-the-beginner-s-guide-to-expressive-and-imaginative-painting/9781446310564/p/55987022,Creative Abstract Watercolor: The Beginner's Guide to Expressive and Imaginative Painting - Kate Rebecca Leach,Arts,Arts,Kate Rebecca Leach,64.77,21.52,,"""Creative Abstract Watercolor: The Beginner's Guide to Expressive and Imaginative Painting"" Learn how to create dynamic, original abstract art using easy techniques and nothing more than watercolor paints and a few pens. Let your creativity loose and start making art, without getting bogged down in detail or accuracy - just allow yourself to experiment, have fun, be present and play with colour, shape and texture to your heart's content. In this unique step-by-step book, you'll discover watercolor techniques, tips and tricks to create your own vibrant art, letting the natural watercolor flow to help form your composition and inspire further mixed media embellishment. Author Kate Rebecca Leach of Essoldo Design has amassed a huge following online for her beautiful abstract artworks. In her debut book, she generously shares her techniques so that even complete beginners will be able to pick up a brush and create stunning works of art. Through a variety of projects, including simple shapes, abstract botanicals, and expressive landscapes, you'll learn easy techniques to combine color, texture, and contrast in exciting ways, and how to add gorgeous embellishments using gel pens and metallics to make your abstract pieces shine. Using this book, you'll be able to create art that you'll be proud to display in your home, gift to friends and family and develop your own portfolio, while having a lot of creative fun in the process.",1443,,2,English,Paperback,"26.9, 20.6, 1.0",cm,0.48.,kg,9781446310564
https://www.bookdelivery.com/il-en/book-ghibli-best-stories-original-edition/9784111790173/p/52020417,Ghibli Best Stories: Original Edition  - Joe Hisaishi,Arts,Arts,Joe Hisaishi,72.17,23.98,2014.0,"""Ghibli Best Stories: Original Edition "" (Piano Collection). This collection features Joe Hisaishi's music from Studio Ghibli films directed by Hayao Miyazaki (Castle in the Sky, Princess Mononoke, My Neighbor Totoro, Howl's Moving Castle, and others), arranged for piano. It is the only edition approved by the composer. CONTENTS: One Summer's Day from Spirited Away Kiki's Delivery Service from Kiki's Delivery Service Confessions in the Moonlight from Castle in the Sky The Wind Forest from My Neighbor Totoro The Road to the Valley from Nausicaa of the Valley of the Wind Fantasia (for Nausicaa) from Nausicaa of the Valley of the Wind il porco rosso from Porco Rosso Ponyo on the Cliff by the Sea from Ponyo on the Cliff by the Sea Mother Sea from Ponyo on the Cliff by the Sea Merry-Go-Round from Howl's Moving Castle Princess Mononoke from Princess Mononoke Ashitaka and San from Princess Mononoke My Neighbor Totoro from My Neighbor Totoro",947,,0,English,Paperback,"30.0, 22.6, 1.0",cm,0.32.,kg,9784111790173
https://www.bookdelivery.com/il-en/book-the-making-of-star-wars-the-definitive-story-behind-the-original-film/9780345494764/p/1843803,The Making of Star Wars: The Definitive Story Behind the Original Film  - J. W. Rinzler,Arts,Arts,J. W. Rinzler,122.45,40.69,2007.0,"""The Making of Star Wars: The Definitive Story Behind the Original Film "" A must-have for Star Wars fans—the definitive behind-the-scenes history of the classic film that started it allAfter the 1973 success of American Graffiti, filmmaker George Lucas made the fateful decision to pursue a longtime dream project: a space fantasy movie unlike any ever produced. Lucas envisioned a swashbuckling SF saga inspired by the Flash Gordon serials classic American westerns, the epic cinema of Japanese auteur Akira Kurosawa, and mythological heroes. Its original title: The Star Wars. The rest is history, and how it was made is a story as entertaining and exciting as the movie that has enthralled millions for thirty years–a story that has never been told as it was meant to be. Until now. Using his unprecedented access to the Lucasfilm Archives and its trove of never-before-published “lost” interviews, photos, production notes, factoids, and anecdotes, Star Wars scholar J. W. Rinzler hurtles readers back in time for a one-of-a-kind behind-the-scenes look at the nearly decade-long quest of George Lucas and his key collaborators to make the “little” movie that became a phenomenon. For the first time, it’s all here: • the evolution of the now-classic story and characters–including “Annikin Starkiller” and “a huge green-skinned monster with no nose and large gills” named Han Solo • excerpts from George Lucas’s numerous, ever-morphing script drafts • the birth of Industrial Light & Magic, the special-effects company that revolutionized Hollywood filmmaking • the studio-hopping and budget battles that nearly scuttled the entire project • the director’s early casting saga, which might have led to a film spoken mostly in Japanese–including the intensive auditions that won the cast members their roles and made them legends  • the grueling, nearly catastrophic location shoot in Tunisia and the subsequent breakneck dash at Elstree Studios in London • the who’s who of young film rebels who pitched in to help–including Francis Ford Coppola, Steven Spielberg, and Brian DePalma But perhaps most exciting, and rarest of all, are the interviews conducted before and during production and immediately after the release of Star Wars–in which George Lucas, Mark Hamill, Harrison Ford, Carrie Fisher, Sir Alec Guinness, Anthony Daniels, composer John Williams, effects masters Dennis Muren, Richard Edlund, and John Dykstra, Phil Tippett, Rick Baker, legendary production designer John Barry, and a host of others share their fascinating tales from the trenches and candid opinions of the film that would ultimately change their lives.  No matter how you view the spectrum of this thirty-year phenomenon, The Making of Star Wars stands as a crucial document–rich in fascination and revelation–of a genuine cinematic and cultural touchstone.",2842,,2,English,Hardcover,,,60345494768,gr,9780345494764
https://www.bookdelivery.com/il-en/book-witchcraft-the-library-of-esoterica/9783836585606/p/54063367,Witchcraft. The Library of Esoterica  - Jessica Hundley,Arts,Arts,"Pam Grossman, Jessica Hundley, Thunderwing",113.47,37.7,2021.0,"""Witchcraft. The Library of Esoterica "" Initiating readers in the fascinating and complex history of witchcraft, from the goddess mythologies of ancient cultures to the contemporary embrace of the craft by modern artists and activists, this expansive tome conjures up a breathtaking overview of an age-old tradition. Rooted in legend, folklore, and myth, the archetype of the witch has evolved from the tales of Odysseus and Circe, the Celtic seductress Cerridwen, and the myth of Hecate, fierce ruler of the moonlit night. In Witchcraft we survey her many incarnations since, as she shape-shifts through the centuries, alternately transforming into mother, nymph, and crone--seductress and destroyer.Edited by Jessica Hundley, and co-edited by author, scholar, and practitioner Pam Grossman, this enthralling visual chronicle is the first of its kind, a deep dive into the complex symbologies behind witchcraft traditions, as explored through the history of art itself. The witch has played muse to great artists throughout time, from the dark seductions of Francisco José de Goya and Albrecht Dürer to the elegant paean to the magickal feminine as re-imagined by the Surrealist circle of Remedios Varo, Leonora Carrington, and Leonor Fini. The witch has spellbound through folktales and dramatic literature as well, from the poison apples of The Brothers Grimm, to the Weird Sisters gathered at their black cauldron in Shakespeare's Macbeth, to L. Frank Baum's iconic Wicked Witch of the West, cackling over the fate of Dorothy.Throughout this entrancing visual voyage, we'll also bear witness to the witch as she endures persecution and evolves into empowerment, a contemporary symbol of bold defiance and potent nonconformity. Featuring enlightening essays by modern practitioners like Kristen J. Sollée and Judika Illes, as well interviews with authors and scholars such as Madeline Miller and Juliet Diaz, Witchcraft includes a vast range of cultural traditions that embrace magick as spiritual exploration and creative catharsis.About the seriesThe Library of Esoterica explores how centuries of artists have given form to mysticism, translating the arcane and the obscure into enduring, visionary works of art. Each subject is showcased through both modern and archival imagery culled from private collectors, libraries, and museums around the globe. The result forms an inclusive visual history, a study of our primal pull to dream and nightmare, and the creative ways we strive to connect to the divine.",2513,,0,English,Hardcover,"24.9, 18.0, 4.8",cm,1.79.,kg,9783836585606
https://www.bookdelivery.com/il-en/book-der-klang-der-familie-berlin-techno-and-the-fall-of-the-wall/9783738604290/p/53853265,"Der Klang der Familie: Berlin, Techno and the Fall of the Wall  - Denk, Felix ; Thülen, Sven Von",Arts,Arts,"Felix Denk, Sven von Thülen",64.75,21.52,2014.0,"""Der Klang der Familie: Berlin, Techno and the Fall of the Wall "" After the fall of the Wall, Berlin is full of disused spaces and abandoned buildings, just waiting to be filled with new life. It is unclear who owns any of this, which allows the techno scene to take over these new empty spaces in both halves of the city. Clubs, galleries, ateliers and studios spring up - only to disappear again a few weeks later. Soon Berlin has become the epicentre of a new culture, attracting enthusiastic followers from all over the world to clubs like the Tresor and the E-Werk. Wearing gasmasks and welding goggles they dance the night away to the jackhammer sound of previously obscure Detroit DJs. Among them are writers, artists, photographers, designers, DJs, club-owners, music producers, bouncers and scenesters, people from the centre of the movement and from its peripheries - in Der Klang der Familie they all get to have their say and paint a vibrant picture of a time when it felt like everything was possible.",1014,,0,English,Paperback,"20.3, 12.7, 1.7",cm,0.30.,kg,9783738604290
https://www.bookdelivery.com/il-en/book-89-color-coded-flash-cards-flash-cards/9780739015575/p/4946544,89 color-coded flash cards: flash cards - Alfred Music,Arts,Arts,Alfred Music,45.77,15.21,,"""89 color-coded flash cards: flash cards"" Includes all notes, symbols, and terms needed for the first two years of study on any musical instrument. Cards are color-coded by category and are numbered on the back.",211,,0,English,Cards,"13.2, 10.7, 2.3",cm,0.25.0739015575,kg,9780739015575
https://www.bookdelivery.com/il-en/book-franz-wohlfahrt-60-studies-op-45-complete-books-1-and-2-for-violin/9780634074035/p/1707552,"franz wohlfahrt - 60 studies, op. 45 complete,books 1 and 2 for violin - Franz Wohlfahrt",Arts,Arts,Franz Wohlfahrt,46.19,15.35,,"""franz wohlfahrt - 60 studies, op. 45 complete,books 1 and 2 for violin"" (String). The Wohlfahrt Op. 45 Studies are a mainstay of violin study. Book 1 (50256580) and Book 2 (50256590) are bestsellers in the Schirmer Library. The entire set, Books 1 and 2 combined, is available in this new complete publication.",311,,0,English,Paperback,"29.7, 22.1, 0.8",cm,0.20.0634074032,kg,9780634074035
https://www.bookdelivery.com/il-en/book-disney-dreams-collection-thomas-kinkade-studios-disney-princess-coloring-book/9781524865559/p/53644214,"Disney Dreams Collection Thomas Kinkade Studios Disney Princess Coloring Book  - Kinkade, Thomas",Arts,Arts,Thomas Kinkade,56.7,18.84,2020.0,"""Disney Dreams Collection Thomas Kinkade Studios Disney Princess Coloring Book "" Coloring Snow White, Cinderella, Pocahontas, Ariel, Tiana, and other Disney Princess characters is easy and fun with this special coloring book that contains more than 40 coloring pages. Each image was created from the Disney Dreams Collection of paintings by the Thomas Kinkade Studios, and is presented in color across the page from the exceptionally detailed black line art of the same image. This coloring book is perfect for fans of Disney Princess characters and Thomas Kinkade Studios' Disney Dreams paintings.Measures 7.25"" x 9.5"" closedSoft cover96 pagesFull-color art of image opposite black line art to colorUncoated paper suitable for crayons, colored pencils, and gel pensPrinted on FSC-certified paper (c) Disney",807,,0,English,Paperback,"23.9, 18.3, 0.8",cm,0.32.,kg,9781524865559
https://www.bookdelivery.com/il-en/book-art-deco-50-works-of-art-you-should-know-50-s-series/9783791381688/p/50550919,Art Deco: 50 Works of art you Should Know (50's Series)  - Lynn Federle Orr,Arts,Arts,Lynn Federle Orr,60.45,20.09,2015.0,"""Art Deco: 50 Works of art you Should Know (50's Series) "" This highly accessible overview of Art Deco, embraces nearly every artistic medium― offering paintings and photography to furnishings and film―through fifty superb examples of Art Deco style that reveal the period’s richness and range. This new addition to Prestel’s successful “50s” series focuseson Art Deco, an artistic movement that originated in Franceafter World War I and spread throughout Europe and America.Presented chronologically in full-page illustrations accompaniedby explanatory texts, these fifty iconic examples demonstratethe variety of ways Art Deco was expressed. Included here area soup tureen designed by Jean Puiforcat; Edward Steichen’sportrait of Fred Astaire; a brass-framed mirror by AustrianFranz Hagenauer; a still from the Busby Berkeley film, Footlight;and The Portrait of a Young Girl in a Green Dress by the Polishpainter Tamara de Lempicka. Other examples include jewelry,architecture, posters, and items used in everyday life. Openingwith an authoritative overview of the Art Deco movement andincluding biographies of each of the artists, this is a compactand affordable reference work and a beautifully designed bookfor every art lover’s library.",1242,,0,English,Hardcover,,,,,9783791381688
https://www.bookdelivery.com/il-en/book-the-virtuoso-pianist-in-sixty-exercises-for-the-piano-for-the-acquirement-of-agility-independence-strength-and-perfect-evenness-in-the-fingers-as-well/9780793525447/p/1592263,"The Virtuoso Pianist in Sixty Exercises for the Piano,For the Acquirement of Agility, Independence, Strength, and Perfect Evenness in the Fingers, as Well  - Hanon, Charles Louis",Arts,Arts,"Hanon, Charles Louis",42.61,14.16,1986.0,"""The Virtuoso Pianist in Sixty Exercises for the Piano,For the Acquirement of Agility, Independence, Strength, and Perfect Evenness in the Fingers, as Well "" (Piano Method). Since the first release of this classic Schirmer edition over 100 years ago, almost anyone who has taken piano lessons for more than two years has played from The Virtuoso Pianist . Millions of copies have been sold of these progressive exercises which guide a player's technique, building finger independence and strength. This was the first American edition released of this music, and remains a classic at a remarkably affordable price.",613,,0,English,Paperback,"30.2, 22.6, 0.8",cm,0.41.0793525446,kg,9780793525447
https://www.bookdelivery.com/il-en/book-remember-the-time-protecting-michael-jackson-in-his-final-days/9781602862500/p/48376680,"Remember the Time: Protecting Michael Jackson in his Final Days  - Whitfield, Bill ; Beard, Javon ; Colby, Tanner",Arts,Arts,"Bill Whitfield, Javon Beard, Tanner Colby",134.76,44.78,,"""Remember the Time: Protecting Michael Jackson in his Final Days "" A compellingly candid memoir that details Jackson's life in seclusion, by the bodyguards who were with him in his final days - with a new introduction to commemorate the tenth anniversary of Michael Jackson's death .  Hounded by the tabloid media, driven from his self-made sanctuary, Neverland, Michael Jackson spent his final years moving from city to city, living with his three children in virtual seclusion -- a futile attempt to escape a world that wouldn't leave him alone. During that time, two men served as the singer's personal security team: Bill Whitfield, a former cop and veteran of the security profession, and Javon Beard, a brash, untested rookie, both single fathers themselves.  Stationed at his side nearly 24/7, their job was to see and hear everything that transpired, and to keep everyone else out, making them the only two men who know what 60 million fans around the world still want to know: What really happened to the King of Pop?  Driven by a desire to show the world who Michael Jackson truly was, Whitfield and Beard have produced the only definitive, first-person account of Michael Jackson's last years: the extreme measures necessary to protect Jackson and his family, the financial struggles that led their pay to be suspended for weeks at a time, the simple moments of happiness they managed to share in a time of great stress, the special relationship Jackson shared with his fans, and the tragic events that culminated in the singer's ill-fated comeback, This Is It. The truth is far more captivating than anything you've yet heard.  An indispensable piece of pop-culture history, Remember the Time is the story of a man struggling to live a normal life under extraordinary circumstances, of a father fighting to protect and provide for his children. Remember the Time is the book that dismantles the tabloid myths once and for all to give Michael Jackson back his humanity.",1980,,0,English,Hardcover,"23.1, 15.0, 3.3",cm,0.54.,kg,9781602862500
https://www.bookdelivery.com/il-en/book-the-art-of-dreamworks-the-wild-robot/9781419773280/p/56853913,The Art of DreamWorks the Wild Robot - Peter Brown,Arts,Arts,"Jerry Schmitz, Peter Brown, Lupita Nyong'o",120.9,40.17,,"""The Art of DreamWorks the Wild Robot"" An all-encompassing look at the making of DreamWorks Animation's movie The Wild Robot, based on the New York Times bestselling series from Peter Brown  DREAMWORKS ANIMATION brings to life Peter Brown's bestselling book about a robot stranded on an uninhabited island. Depicting the tale of resilience, kindness, and shared humanity, The Art of DreamWorks The Wild Robot presents hundreds of character designs and concept art from the making of the movie, along with exclusive interviews from the writers, artists, cast, and filmmakers. Featuring a foreword by Lupita Nyong'o, a preface by Peter Brown, an introduction by writer-director Chris Sanders, and an afterword by producer Jeff Hermann, this insider's guide details the elaborate artistry involved in creating the ultimate celebration of nature, family, and the emotional journey of becoming more than one is programmed to be.",923,,2,English,Hardcover,,,1.37.,kg,9781419773280
https://www.bookdelivery.com/il-en/book-jojo-6251-the-world-of-hirohiko-araki/9781974728367/p/54414145,"Jojo 6251: The World of Hirohiko Araki  - Araki, Hirohiko",Arts,Arts,Hirohiko Araki,83.52,27.75,,"""Jojo 6251: The World of Hirohiko Araki "" Explore the world of Hirohiko Araki! Hirohiko Araki changed the face of manga forever when he created JoJo's Bizarre Adventure! The epic story of the Joestar family spans generations, and iconic stories like Phantom Blood, Battle Tendency, Stardust Crusaders, and Diamond Is Unbreakable have made the series a fan favorite--and Araki himself the ultimate fan-favorite artist. JoJo 6251: The World of Hirohiko Araki celebrates his work with an incredible collection of illustrations, foldout posters, and highly desired behind-the-scenes information. Explore the characters, their Stands, and everything you ever wanted to know about heroes like Jotaro Kujo and Josuke Higashikata, and cruel villains like Dio!",751,,3,English,Hardcover,"25.7, 18.1, 1.2",cm,,,9781974728367
https://www.bookdelivery.com/il-en/book-everybody-likes-the-piano-a-direct-modern-approach-to-piano-fundamentals-prep-book/9780825651946/p/19057511,"Everybody Likes the Piano: A Direct Modern Approach to Piano Fundamentals - Prep Book  - Estella, Joseph M.",Arts,Arts,"Estella, Joseph M.",0.0,0.0,1996.0,,0,,0,English,None,,,,,9780825651946
https://www.bookdelivery.com/il-en/book-kinfolk-travel-slower-ways-to-see-the-world/9781648290749/p/53731896,"Kinfolk Travel: Slower Ways to see the World  - Burns, John",Arts,Arts,John Burns,113.38,37.67,2021.0,"""Kinfolk Travel: Slower Ways to see the World "" Explore the art of mindful travel with Kinfolk, the pioneers in ""slow living,"" their philosophy of simplicity, authenticity, intentionality and community. With nearly 450,000 copies in print, the Kinfolk series has applied this philosophy to entertaining (The Kinfolk Table), interior design (The Kinfolk Home), and living with nature (The Kinfolk Garden). Now they have turned their attention to ""slow travel,"" offering readers a road map for planning trips that foster meaningful connections with local people and authentic experiences of local culture.  Go museum hopping in Tasmania, or birdwatching in London. Explore the burgeoning fashion community in Dakar. Take a bicycle tour through Idaho, or a train trip from Oslo to Bergen. Drawing on the magazine's global community of writers and photographers, Kinfolk Travel takes readers to over 20 location across five continents, with travel tips from locals, stunning images, and thoughtful essays.",1001,,0,English,Hardcover,"28.4, 21.1, 3.3",cm,1.54.,kg,9781648290749
https://www.bookdelivery.com/il-en/book-the-well-tempered-clavier-48-preludes-and-fugues-complete-books-i-and-ii-piano/9780634099212/p/1840382,"the well-tempered clavier 48 preludes and fugues,complete books i and ii - piano - Bach, Johann Sebastian ; Czerny, Carl",Arts,Arts,"Carl Czerny, Johann Sebastian Bach",76.66,25.47,,"""the well-tempered clavier 48 preludes and fugues,complete books i and ii - piano"" (Piano Collection). This new volume in Schirmer's Library of Musical Classics brings together Books I and II of Bach's classic repertoire at an affordable price.",244,,0,English,Paperback,"30.2, 22.6, 1.5",cm,0.83.0634099213,kg,9780634099212
https://www.bookdelivery.com/il-en/book-stranger-things-the-ultimate-pop-up-book/9781647221263/p/54265739,Stranger Things: The Ultimate Pop-Up Book - Kyle Lambert,Arts,Arts,"Matthew Reinhart, Simon Arizpe, Kyle Lambert",183.34,60.92,2022.0,"""Stranger Things: The Ultimate Pop-Up Book"" Embark on an explosive 3D journey through the world of Netflix’s hit series Stranger Things with the only officially licensed Stranger Things pop-up book. Netflix’s Emmy Award–winning series Stranger Things has captivated the imaginations of millions of viewers all around the world. Now fans can experience the series like never before with stunning, pop-off-the-page re-creations of iconic moments from the show. Inside, readers will adventure alongside Eleven and Mike Wheeler, crack the Russian code with Steve Harrington at Scoops Ahoy, face off against the terrifying Demogorgon, and much more. Featuring five richly detailed spreads packed with jaw-dropping pops, Stranger Things: The Ultimate Pop-Up Book is an explosive, must-have guide to Hawkins, Indiana, the Upside Down, and beyond. INTERACTIVE JOURNEY: Readers adventure alongside Eleven and Mike Wheeler, crack the Russian code with Steve Harrington at Scoops Ahoy, face off against the terrifying Demogorgon, and much more. EXPLOSIVE VISUALS: Features five richly detailed spreads packed with jaw-dropping, pop-off-the-page recreations of iconic moments from the show. GORGEOUS ILLUSTRATIONS: Stunning original artwork by renowned Stranger Things key art illustrator Kyle Lambert depicts beloved characters and familiar settings from Hawkins, Indiana, and the Upside Down. IMMERSIVE FORMAT: Dynamic 360-format allows participation from all sides, while interactive flaps and pull tabs reveal hidden surprises throughout the book. MASTER PAPER ENGINEERS: Designed by paper engineer Simon Arizpe with creative direction from Matthew Reinhart. COMPLETE YOUR STRANGER THINGS COLLECTION: Discover more striking original artwork from Hawkins, Indiana with Stranger Things Tarot Deck and Guidebook, also available!",1817,,0,English,Hardcover,"28.9, 22.6, 8.3",cm,1.25.,kg,9781647221263
https://www.bookdelivery.com/il-en/book-five-nights-at-freddy-s-ticket-to-fun-ephemera-kit/9798886632637/p/56298739,"Five Nights at Freddy's: Ticket to Fun Ephemera Kit - Madsen, Sarah",Arts,Arts,Sarah Madsen,89.51,29.74,2025.0,"""Five Nights at Freddy's: Ticket to Fun Ephemera Kit"" Keep the lights on and dive into the terrifying world of Freddy Fazbear with an array of fun and frightening collectibles based on your favorite haunted animatronics. You’ll feel like a night guard on their first shift with this jam-packed, terrifying ephemera kit! Featuring spooky art, fun collectibles, and the iconic characters and locales of Five Nights at Freddy’s, this experiential kit takes you through the iconic Freddy Fazbear’s Pizza. With in-world objects, including tickets, stickers, a badge, a flashlight, and more, you’ll be in for a chilling night like no other. Five Nights at Freddy’s is filled with intriguing secrets and homages to fan-favorite characters, including Freddy, Foxy, Bonnie, Chica, and more. Perfect for any Five Nights at Freddy’s fan, this one-of-a-kind gaming companion will bring fantasy and fun to life! FAVORITE SCARES: Discover toys and illustrations featuring beloved characters like Bonnie, Chica, Foxy, Ballora, the Puppet, and, of course, Freddy Fazbear himself! (And maybe a few you were hoping you’d never see again . . .) GIFT FOR ALL AGES: Scary and fun merchandise fit for all Five Nights at Freddy’s fans—veterans and newcomers alike!",1241,,0,English,Paperback,,,,,9798886632637
https://www.bookdelivery.com/il-en/book-artists-master-series-color-and-light/9781912843411/p/54196373,Artists' Master Series: Color and Light  - Publishing 3dtotal,Arts,Arts,Publishing 3dtotal,114.27,37.97,,"""Artists' Master Series: Color and Light "" 3dtotal Publishing is an established authority on art and design, with a growing stable of high-calibre artist-authors. With such incredible talent and know-how under one publishing-house roof, we are uniquely placed to launch the BRAND NEW SERIES, Artists' Masters Series.  We have already released several bestselling, well-respected art-theory books including Art Fundamentals 2nd Edition and our much-loved character design titles. We cover the breadth of art and design, offering tutorials and inspiration from hundreds of experts across many genres. Now, this exciting new series takes a deep dive into the key areas of art theory, focusing on specific aspects which, when mastered, make the difference between good and world-class design. This innovative concept launches with Artists' Masters Series: Color & Light. A select few hugely popular industry experts reveal techniques they use to infuse characters with the advanced levels of color and light that make their work instantly recognizable and universally admired. Their in-depth illustrated advice, detailed step-by-step tutorials, enlightening case studies, and awe-inspiring inspiration provide a distinctive and invaluable blend of advanced techniques that can't be found anywhere else. For artists and designers aiming to raise their game to an expert level, the Artists' Masters Series is the key to success.",1422,,5,English,Hardcover,"30.2, 21.3, 3.0",cm,1.91.,kg,9781912843411
https://www.bookdelivery.com/il-en/book-the-suffering-of-light-thirty-years-of-photographs-by-alex-webb/9781597111737/p/4406394,"the suffering of light,thirty years of photographs by alex webb - Webb, Alex ; Dyer, Geoff",Arts,Arts,"Geoff Dyer, Alex Webb",154.73,51.41,2011.0,"""the suffering of light,thirty years of photographs by alex webb"" The Suffering of Light is the first comprehensive monograph charting the career of acclaimed American photographer Alex Webb. Gathering some of his most iconic images, many of which were taken in the far corners of the earth, this exquisite book brings a fresh perspective to his extensive catalog. Recognized as a pioneer of American color photography since the 1970s, Webb has consistently created photographs characterized by intense color and light. His work, with its richly layered and complex composition, touches on multiple genres, including street photography, photojournalism, and fine art, but as Webb claims, to me it all is photography. You have to go out and explore the world with a camera. Webb's ability to distill gesture, color and contrasting cultural tensions into single, beguiling frames results in evocative images that convey a sense of enigma, irony and humor. Featuring key works alongside previously unpublished photographs, The Suffering of Light provides the most thorough examination to date of this modern master's prolific, 30-year career.The photographs of Alex Webb (born 1952) have appeared in a wide range of publications, including The New York Times Magazine, Life, Stern and National Geographic, and have been exhibited at the International Center of Photography, New York; Walker Art Center, Minneapolis; and the Whitney Museum of American Art, New York. He is a recipient of the Leica Medal of Excellence (2000) and the Premio Internacional de Fotografia Alcobendas (2009). A member of Magnum Photos since 1976, Webb lives in New York City.",1649,,7,English,Hardcover,"31.1, 33.7, 2.3",cm,2.18.,kg,9781597111737
https://www.bookdelivery.com/il-en/book-no-regrets-a-rock-n-roll-memoir/9781451613957/p/8965609,"no regrets: a rock  ` n `  roll memoir - Frehley, Ace ; Layden, Joe ; Ostrosky, John",Arts,Arts,"John Ostrosky, Joe Layden, Ace Frehley",73.55,24.44,,"""no regrets: a rock  ` n `  roll memoir"" A funny, candid, New York Times bestselling memoir from the former lead guitarist of the legendary rock band KISS, Ace Frehley. The legendary guitar god who exceeded all limits and lived to tell takes fans on a wild ride through KISStory. He was just a boy from the Bronx with stars in his eyes. But when he picked up his guitar and painted stars on his face, Ace Frehley transformed into ""The Spaceman""--and helped turn KISS into one of the top-selling bands of all time. Now, for the first time, the beloved rock icon reveals his side of the story with no-holds-barred honesty . . . and no regrets. For KISS fans, Ace offers a rare behind-the-makeup look at the band's legendary origins, including the lightning-bolt logo he designed and the outfits his mother sewed. He talks about the unspoken division within the band--he and Peter Criss versus Paul Stanley and Gene Simmons--because the other two didn't ""party every day."" Ace also reveals the inside story behind his turbulent break-up with KISS, their triumphant reunion a decade later, and his smash solo career. Along the way, he shares wild stories about dancing at Studio 54 with ""The Bionic Woman,"" working as a roadie for Jimi Hendrix, and bar-flying all night with John Belushi. In the end, he comes to terms with his highly publicized descent into alcohol, drugs, and self-destruction--ultimately managing to conquer his demons and come out on top. This is Ace Frehley. No makeup. No apologies. No regrets.",1513,,0,English,Paperback,"22.9, 15.5, 2.0",cm,0.36.1451613954,kg,9781451613957
https://www.bookdelivery.com/il-en/book-avatar-the-last-airbender-legacy/9781608874477/p/48491747,"Avatar: The Last Airbender: Legacy  - Teitelbaum, Michael",Arts,Arts,Michael Teitelbaum,82.98,27.57,2015.0,"""Avatar: The Last Airbender: Legacy "" Aang, the much-loved hero of Nickelodeon's hit animated series Avatar: The Last Airbender, takes readers on an exciting and interactive journey through his thrilling world. Earth. Air. Fire. Water. These are the four nations that lived in harmony until the Fire Nation attacked. For the next hundred years, war raged across the globe. It was believed that all inhabitants from the Air Nation had perished. Then, a girl and her brother discovered a twelve-year-old boy frozen in an iceberg. His name: Aang. He is the Avatar, the master of all four elements. Together Aang and his friends went on to save the world! Now a man, Aang looks back on these adventurous years--from being found in the ice to fighting epic battles to negotiating peace. This is Aang's story, his mementos, and keepsakes. Avatar: The Last Airbender: Legacy is the collection that Aang passes down to his son Tenzin, who will one day be a master Airbender, too. Readers will relish Aang's heroic tales and the posters, clippings, cards, and maps he gathered along the way! About the Insight Legends series Insight Legends is a collectible pop culture library featuring books that take an in-depth look at iconic characters and other elements from the worlds of comics, movies, television, and video games. Packed with amazing removable items that give the books an immersive, interactive feel, the series delivers unparalleled insight into the best-loved heroes and villains in modern fiction and the worlds they inhabit",1530,,0,English,Hardcover,"23.1, 17.0, 1.5",cm,0.43.,kg,9781608874477
https://www.bookdelivery.com/il-en/book-wipeout-futurism-the-visual-archives/9780500021767/p/56468055,"Wipeout Futurism: The Visual Archives - Harris, Duncan ; Anderson, Ian",Arts,Arts,"Duncan Harris, Ian Anderson",159.12,52.87,,"""Wipeout Futurism: The Visual Archives"" Working its way through the fascinating creation story and cultural footprint of the WipEout game series, WipEout Futurism offers unprecedented access to the game's visual archives and reveals the creative processes behind the teams, tracks, vehicles, and iconography that define the series. Within these pages you will find original concept art, promotional materials, in-game photography, the monumental graphic design work of The Designers Republic, and much more. WipEout crashed onto the scene in 1995, shifting games into the cultural fast lane with its unique 3D visual designs. It propelled a wondrous hit of antigravity, hyper-speed racing into the heart of the freshly released PlayStation console and, over time, the series grew into a cult phenomenon among graphic designers and gamers alike. With its clubland branding, devised by cutting-edge Sheffield agency The Designers Republic, and its on-the-pulse collaborations with electronic artists, from the Chemical Brothers to Kraftwerk, WipEout was not only a racing game, it was a vehicle for art. WipEout Futurism chronicles the iconic game's vision, struggles, and achievements--from first conception to future plans--in a distinctive union of trailblazing artwork and graphic design. The book includes exclusive interviews with electronic duo Orbital's Paul Hartnoll, sound designer Loic Couthier, writer Damon Fairclough, game director Stuart Tilley, and more.",1468,,0,English,Hardcover,,,,,9780500021767
https://www.bookdelivery.com/il-en/book-the-antiquarian-sticker-book-over-1-000-exquisite-victorian-stickers-the-antiquarian-sticker-book-series/9781250208149/p/52420929,"The Antiquarian Sticker Book: Over 1,000 Exquisite Victorian Stickers (The Antiquarian Sticker Book Series)  - Odd Dot",Arts,Arts,Odd Dot,89.69,29.8,2020.0,"""The Antiquarian Sticker Book: Over 1,000 Exquisite Victorian Stickers (The Antiquarian Sticker Book Series) "" THE ANTIQUARIAN STICKER BOOK is a beautiful collection of sticker ephemera for the modern-day crafter, scrapbooker, art lover, or for anyone who just loves stickers. Thousands of gorgeous stickers! The perfect present for sticker lovers of all ages! Peel and decorate or browse and feast on the beauty of this lush sticker book unlike any other. A treasure trove of authentic historical prints from the ornate Victorian era to the early twentieth century can live on its own, be used on stationery and wrapping, or create an amazing collage.",652,,15,English,Hardcover,"20.8, 16.0, 3.8",cm,1.04.,kg,9781250208149
https://www.bookdelivery.com/il-en/book-rush-wandering-the-face-of-the-earth-the-official-touring-history/9781683834502/p/52153272,Rush: Wandering the Face of the Earth: The Official Touring History  - Richard Bienstock,Arts,Arts,Richard Bienstock,153.4,50.97,2019.0,"""Rush: Wandering the Face of the Earth: The Official Touring History "" Alex Lifeson, Geddy Lee, and Neil Peart performed together for the first time to an audience of 11,000 people in 1974. Forty years later, their last tour sold over 442,000 tickets. This is the story of everything in between. This is the story of Rush. Fondly known as the Holy Triumvirate, Rush is one of the top bands to shine through rock-and-roll history. Wandering the Face of the Earth covers Rush&;s storied touring career, from their humble beginnings as a Toronto-area bar band playing middle school gymnasiums to their rise as one of the world&;s most sought-after live acts, selling out massive arenas around the globe. This book includes every setlist, every opening act, and every noteworthy moment meticulously researched and vetted by the band themselves. Along with spectacular, never-before-seen imagery, this is THE must-have tour compendium for Rush fans.",944,,0,English,Hardcover,,,,,9781683834502
https://www.bookdelivery.com/il-en/book-practical-method-for-beginners-op-599-schirmer-library-of-classics-volume-146-piano-technique/9780793525676/p/1647240,"Practical Method for Beginners, op. 599: Schirmer Library of Classics Volume 146 Piano Technique  - Czerny, Carl ; Buonamici, Giuseppe",Arts,Arts,"Carl Czerny, Giuseppe Buonamici",45.77,15.21,,"""Practical Method for Beginners, op. 599: Schirmer Library of Classics Volume 146 Piano Technique "" A group of resourceful kids start ""solution-seekers.com,"" a website where ""cybervisitors"" can get answers to questions that trouble them. But when one questioner asks the true meaning of Christmas, the kids seek to unravel the mystery by journeying back through the prophecies of the Old Testament. What they find is a series of ""S"" words that reveal a ""spectacular story!"" With creative characters, humorous dialogue and great music, The ""S"" Files is a children's Christmas musical your kids will love performing.",614,,0,English,Paperback,"29.7, 22.1, 0.8",cm,0.20.0793525675,kg,9780793525676
https://www.bookdelivery.com/il-en/book-elton-john-super-easy-songbook/9781540059468/p/52012506,Elton John - Super Easy Songbook - Elton John,Arts,Arts,Elton John,67.69,22.49,2019.0,"""Elton John - Super Easy Songbook"" (Super Easy Songbook). It's super easy! This series features accessible arrangements for piano, with simple right-hand melody, letter names inside each note, basic left-hand chord diagrams, and no page turns. This edition includes 22 hits from the Rocket Man: Bennie and the Jets * Can You Feel the Love Tonight * Candle in the Wind * Don't Let the Sun Go down on Me * Goodbye Yellow Brick Road * I'm Still Standing * Sad Songs (Say So Much) * Tiny Dancer * Your Song * and more.",514,,0,English,Paperback,"29.7, 22.1, 0.5",cm,1.05,gr,9781540059468
https://www.bookdelivery.com/il-en/book-the-botanist-s-sticker-anthology/9780744036725/p/53073541,The Botanist's Sticker Anthology -  DK,Arts,Arts,DK,89.69,29.8,,"""The Botanist's Sticker Anthology"" Get lost in the beauty of the natural world in this captivating collection of botanical stickers. Introducing The Botanist's Sticker Anthology - with over a thousand vintage illustrations, this sumptuous exploration of flora is packed full of beautiful imagery and stunning stickers! Page after page is packed with beautiful vintage drawings of ornamental flowers, tropical ferns, and other exotic plants and fungi. Adorn your personal items with stunning botanically themed images, create gorgeous collages and stationery, or simply enjoy this as an exquisite keepsake. This beautifully bound sticker book for adults in it's hardback format featuring decorative foil on it's frontcover, is the perfect gift for crafters, scrapbookers, plant lovers, and all who relish images of lush gardens and forests. Indulge in this sensational sticker book to discover: - A collection of over 1000 stickers- Beautiful vintage illustrations - Themed chapters based on ecosystems With 7 core chapters covering each environment, including Forests, Deserts, Grassland, Springs, Sill Water, Gardens, Oceans and Seas, there's something for everyone to explore and love, and a diverse collection of stickers to choose from! This beautiful vintage sticker book is ideal for children aged 14+ and adults alike who enjoy arts, crafts and scrapbook making, as well as those seeking stress-relieving activities and boredom busters. Whether it's a self-purchase, a gift, or a keepsake for the whole family to enjoy, The Botanist's Sticker Anthology is sure to delight.",1579,,0,English,Hardcover,"21.8, 17.5, 2.8",cm,0.95.,kg,9780744036725
https://www.bookdelivery.com/il-en/book-my-first-piano-adventure-writing-book-a/9781616776206/p/3763509,"my first piano adventure,writing book a - Randall y Nancy Faber",Arts,Arts,Randall y Nancy Faber,42.61,14.16,2007.0,"""my first piano adventure,writing book a"" (Faber Piano Adventures ). Developing the ear and training the eye of the young child is a key component of the Writing Book A. Tucker, the mascot dog who loves to LISTEN, is always on the scene as the young child imitates, matches, and creates rhythmic and melodic patterns. The multi-cultural friends present improvisation and simple, guided composition activities. Blinker, the owl who loves to LOOK, helps students recognize patterns of rhythms and notes, and introduces sightreading. The Writing Book offers a holistic, musical approach to theory through discovery, creativity, imagination, and fun! View Helpful Introductory Videos Here",684,,0,English,None,"30.7, 22.1, 0.5",cm,0.23.161677620,kg,9781616776206
https://www.bookdelivery.com/il-en/book-the-earth-from-the-air-365-new-days/9780500543382/p/49561282,"The Earth from the Air: 365 New Days - Arthus-Bertrand, Yann",Arts,Arts,Yann Arthus-Bertrand,95.94,31.88,,"""The Earth from the Air: 365 New Days"" This edition of Yann-Arthus Bertrand's photographic daybook features over 200 completely new photographs. Each image is accompanied on its facing page by a thoughtful and thorough explanatory text.""",237,,0,English,Hardcover,,,,,9780500543382
https://www.bookdelivery.com/il-en/book-nathalie-lete-sticker-book/9781648294327/p/56544505,Nathalie Lété Sticker Book - Lété Nathalie,Arts,Arts,Nathalie Lété,72.95,24.24,,"""Nathalie Lété Sticker Book"" From globally renowned artist Nathalie Lété comes Nathalie Lété Sticker Book, a highly giftable collection of more than 800 stickers for decorating and adding beauty to any surface.  From globally renowned artist Nathalie Lété, the Nathalie Lété Sticker Book is the ultimate gift for sticker obsessives (and who doesn't love stickers?) and fans of Lété. There are over 800 stickers in the book, all created in Lété's signature dreamlike and enchanting style, including some of her most popular and beloved illustrations, like Mushrooms and Dancing Butterflies, and new creations made just for the book, like a scene from Noah's Ark. There are vibrant patterns, playful critters, and fanciful landscapes. Bring the beauty of Lété's art home for an amazing value.",790,,0,English,Hardcover,"21, 17",cm,,,9781648294327
https://www.bookdelivery.com/il-en/book-japanese-knitting-stitch-bible-260-exquisite-patterns-by-hitomi-shida/9784805314531/p/49382159,"Japanese Knitting Stitch Bible: 260 Exquisite Patterns by Hitomi Shida  - Shida, Hitomi ; Roehm, Gayle",Arts,Arts,"Hitomi Shida, Gayle Roehm",61.78,20.53,,"""Japanese Knitting Stitch Bible: 260 Exquisite Patterns by Hitomi Shida "" In the Japanese Knitting Stitch Bible knitting guru Hitomi Shida shares some of her favorite needlework patterns. Shida's strikingly original designs and variations on every imaginable classic stitch result in intricate patterns that form the basis for beautiful and unique knitted fashions. This is the perfect book for the experienced knitter who is looking for new stitches that yield spectacular results! This Japanese knitting book features a wide range of rewarding and intricate stitches including:  cables popcorn stitches twisted stitches edgings  and many more...A set of detailed, step-by-step diagrams show you how to execute all the basic stitches. Instructions and diagrams for a series of small projects offer practice working with large patterns, lacy patterns, pattern arrangement and round yokes among other things. The knitting projects include:  A classic hat made using large patterns An elegant scarf in lacy patterns The ever-popular fingerless mittens Thick socks that can be made using various patterns A feminine collar using round stitching And much more! This Japanese stitch dictionary represents a whole new adventure for knitters and is sure to become a valued reference for experienced knitters.",1301,,32,English,Paperback,"29.0, 21.6, 1.3",cm,0.82.,kg,9784805314531
https://www.bookdelivery.com/il-en/book-blue-velvet/9781839023712/p/53691153,"Blue Velvet - Atkinson, Michael",Arts,Arts,Michael Atkinson,64.41,21.4,2021.0,"""Blue Velvet"" For many, Blue Velvet is David Lynch's masterpiece. It represents a unique act of cinema: an 80s Hollywood studio film as radical, visionary and cabalistic as anything found in the avant-garde; a mysteriously symbolic and subterranean 'cult' movie that nevertheless has recognisable stars and was broadly distributed; a genre piece with the ambience of a fearsome, hyper-composed nightmare; an American 'art film' by Hollywood's only reputable 'art film' director.  Michael Atkinson's intricate and layered reading of the film shows how crystallises many of Lynch's chief preoccupations: the evil and violence underlying the surface of suburbia, the seedy by-ways of sexuality, the frightening appearance of the adult world to a child's eyes, presenting it as the definitive expression of the traumatized innocence which characterizes Lynch's work. In his afterword to this new edition, Atkinson situates Blue Velvet within a culture that has changed drastically in the 35 years since its release, and in doing so, he considers the film's lasting significance as it slowly turns from contemporary phenomenon to an interpretable artifact.",1151,,0,English,Paperback,"18.5, 13.5, 0.8",cm,0.14.,kg,9781839023712
https://www.bookdelivery.com/il-en/book-metric-pattern-cutting-for-women-s-wear/9781444335057/p/46538015,"Metric Pattern Cutting for Women's Wear - Aldrich, Winifred",Arts,Arts,Winifred Aldrich,149.87,49.8,,"""Metric Pattern Cutting for Women's Wear"" Metric Pattern Cutting for Women's Wear provides a straightforward introduction to the principles of form pattern cutting for garments to fit the body shape, and flat pattern cutting for casual garments and jersey wear. This sixth edition remains true to the original concept: it offers a range of good basic blocks, an introduction to the basic principles of pattern cutting and examples of their application into garments.  Fully revised and updated to include a brand new and improved layout, up-to-date skirt and trouser blocks that reflect the changes in body sizing, along with updates to the computer-aided design section and certain blocks, illustrations and diagrams. This best-selling textbook still remains the essential purchase for students and beginners looking to understand pattern cutting and building confidence to develop their own pattern cutting style.",915,,0,English,Hardcover,"24.9, 19.6, 1.8",cm,0.77.,kg,9781444335057
https://www.bookdelivery.com/il-en/book-avatar-last-airbender-art-animated-series-hc-avatar-the-last-airbender/9781506721699/p/53462730,Avatar Last Airbender art Animated Series hc (Avatar: The Last Airbender)  - Michael Dante DiMartino,Arts,Arts,"Michael Dante DiMartino, Bryan Konietzko",104.95,34.87,2020.0,"""Avatar Last Airbender art Animated Series hc (Avatar: The Last Airbender) "" Join series creators Bryan Konietzko and Michael Dante DiMartino for an unpreccendented behind-the-scenes look at hundreds of pieces of concept, design, and production art as they take you on a guided tour through the development of this smash-hit television series in this new edition of the beloved artbook. Learn how Avatar: The Last Airbender took shape, from the very first sketch through the series finale, and beyond! This new edition comes with a brand new forward from long time Avatar the Last Airbender series writer Gene Luen Yang. Avatar: The Last Airbender has been syndicated to more than 120 countries around the world, inspiring millions of fans and industry professionals alike and garnering numerous industry honors--including wins at the prestigious Annie, Peabody, and Primetime Emmy awards.Perfect for fans of all ages!",918,,0,English,Hardcover,"31.0, 23.4, 2.0",cm,1.40.,kg,9781506721699
https://www.bookdelivery.com/il-en/book-abstract-painting-20-projects-creative-techniques-in-acrylic-mixed-media/9781782219576/p/53533235,Abstract Painting: 20 Projects & Creative Techniques in Acrylic & Mixed Media  - Petra Th&Ouml;Lken,Arts,Arts,Petra Th&Ouml;Lken,56.52,18.78,2021.0,"""Abstract Painting: 20 Projects & Creative Techniques in Acrylic & Mixed Media "" Petra Thölken’s practical and inspiring book examines what it means to make an abstract work of art. She encourages the reader to consider the subjects of composition, planes, and subject and expression, while also examining the more practical topics of colour theory and colour mixing, how to work with pigment, canvas and priming, spatula techniques and working with unconventional backgrounds. All these elements build up into a vocabulary of visual pointers from which the reader can begin to explore their own adventurousness and creativity. Through the 20 beautiful projects that Petra demonstrates, step by step, readers will learn how to create texture, work with unusual tools and create soft transitions or high contrast. Her clarity of thought and inspirational advice will open your eyes to a whole new way of seeing your paintings and achieving the self-expression that leads to visually exciting and technically innovative work. For some of the projects, there are links to Petra's popular YouTube videos, demonstrating how she created the individual paintings.",1156,,2,English,Paperback,,,,,9781782219576
https://www.bookdelivery.com/il-en/book-peter-lindbergh-on-fashion-photography-40th-anniversary-edition/9783836582506/p/52946994,"Peter Lindbergh. On Fashion Photography. 40Th Anniversary Edition  - Lindbergh, Peter",Arts,Arts,Peter Lindbergh,93.5,31.07,2020.0,"""Peter Lindbergh. On Fashion Photography. 40Th Anniversary Edition "" It was on a Malibu beach in 1988 that Peter Lindbergh shot the White Shirts series, images now known the world over. Simple yet seminal, the photographs introduced us to Linda Evangelista, Christy Turlington, Rachel Williams, Karen Alexander, Tatjana Patitz, and Estelle Lefébure. This marked the beginning of an era that redefined beauty, and Lindbergh would go on to alter the landscape of fashion photography for the decades that followed.This edition gathers more than 300 images from forty years of Lindbergh's career. It traces the German photographer's cinematic inflections and humanist approach, which produced images at once seductive and introspective.In 1980 Rei Kawakubo asked Lindbergh to shoot a Commes des Garçons campaign, one of his earlier forays into commercial photography. Kawakubo gave him carte blanche. The following years brought forth collaborations with the most venerated names in fashion and resulted in a relationship of mutual reverence; Lindbergh's respect for some of the greatest designers of our time is palpable in his portraits. Among those photographed are Azzedine Alaïa, Giorgio Armani, Alber Elbaz, John Galliano, Jean Paul Gaultier, Karl Lagerfeld, Thierry Mugler, Yves Saint Laurent, Jil Sander, and Yohji Yamamoto.Widely considered a pioneer in his field, Lindbergh shirked the industry standards of beauty and instead celebrated the essence and individuality of his subjects. He was pivotal to the rise of models such as Kate Moss, Naomi Campbell, Linda Evangelista, Cindy Crawford, Mariacarla Boscono, Lara Stone, Claudia Schiffer, Amber Valletta, Nadja Auermann, and Kristen McMenamy.Lindbergh's reach also extended across Hollywood and beyond: Cate Blanchett, Charlotte Rampling, Richard Gere, Isabelle Huppert, Nicole Kidman, Madonna, Brad Pitt, Catherine Deneuve, and Jeanne Moreau all appear in his works. From the picture chosen by Anna Wintour as the cover of her first Vogue issue to the legendary shot of Tina Turner on the Eiffel Tower, it is never the clothes, celebrity, or glamour that takes center stage in a Lindbergh photograph. Each picture conveys the humanity of its subject with a serene melancholy that is uniquely and unmistakably Lindbergh.From the outset of his career, Lindbergh was well-known in the contemporary art world, where his photographs were exhibited in galleries long before they appeared in magazines. This edition features an updated introduction adapted from an interview in 2016, allowing a glimpse behind Lindbergh's lens, where the photographer recounts his early collaborations, the tenuous relationship between commercial and fine art, and the power of storytelling.About the seriesTASCHEN is 40! Since we started our work as cultural archaeologists in 1980, TASCHEN has become synonymous with accessible publishing, helping bookworms around the world curate their own library of art, anthropology, and aphrodisia at an unbeatable price. Today we celebrate 40 years of incredible books by staying true to our company credo. The 40 series presents new editions of some of the stars of our program--now more compact, friendly in price, and still realized with the same commitment to impeccable production.",3264,,6,English,Hardcover,"22.4, 16.3, 4.3",cm,1.48.,kg,9783836582506
https://www.bookdelivery.com/il-en/book-large-print-dot-to-dot-book-for-seniors-large-print-dot-to-dots-for-adults-seniors-of-flowers-animals-halloween-christmas-and-more/9798421408178/p/56251762,"Large Print Dot To Dot Book For Seniors: Large Print Dot-to-Dots For Adults, Seniors of Flowers, Animals, Halloween, Christmas and More - Lane, Creekside",Arts,Arts,Creekside Lane,59.93,19.92,,,0,,0,English,Paperback,"27.9, 21.6, 0.5",cm,0.26.,kg,9798421408178
https://www.bookdelivery.com/il-en/book-todd-mcfarlane-s-spider-man-artist-s-edition/9781684059324/p/54262140,Todd Mcfarlane's Spider-Man Artist’S Edition  - Todd McFarlane,Arts,Arts,Todd McFarlane,348.95,115.94,2022.0,"""Todd Mcfarlane's Spider-Man Artist’S Edition "" Experience one of the most acclaimed runs in Spider-Man history like never before! Todd McFarlane's gorgeous work on Spider-Man was nothing less than groundbreaking. His intense version of the web-slinging wallcrawler took the character to new heights--instilling in the character a sense of energy and vitality rarely seen before. First, in The Amazing Spider-Man, written by David Michelinie, and then in a spin-off series, with both story and art by McFarlane. McFarlane took each character and made them his own--classic villains like the Green Goblin, Hobgoblin, Sandman, the Vulture, the Lizard, plus his classic interpretations of some of Marvel's greatest heroes, the Incredible Hulk and Wolverine! And let's not forget his alluring Mary Jane! McFarlane was also the co-creator of one of the most infamous new characters in years, the villainous VENOM--a number of pages featuring this iconic character are presented within these pages. And while an Artist's Edition appears to be in black and white, each page in this volume has been painstakingly scanned from McFarlane's hand-drawn art, allowing the reader to experience the artist's originals as never before, seeing for the first time all the subtle nuances that make original art so unique and special. Blue pencils, ink gradients, corrections, all are completely visible. The only way to better experience these pages would be if you were in McFarlane's studio as he was drawing them! And while there are no complete stories presented in this book, there are many examples of McFarlane's classic storytelling, filled with kinetic energy...and, oh, those WEBS!",1672,,0,English,Hardcover,"63.0, 44.7, 9.9",cm,5.03.,kg,9781684059324
https://www.bookdelivery.com/il-en/book-music-theory-is-fun-book-1-volume-1/9781987926095/p/51749992,Music Theory is Fun: Book 1: Volume 1  - Maureen Cox,Arts,Arts,Maureen Cox,0.0,0.0,2018.0,"""Music Theory is Fun: Book 1: Volume 1 "" Music Theory is Fun Book 1, is the first in the newly revised five-book series by Maureen Cox that now also includes American musical terms. Using an attractive layout with clear examples and illustrations together with activities to reinforce learning and understanding, this book covers in an easy step-by-step approach:Treble clef, bass clef, notes and letter namesTime names and valuesDotted notes, tied notes and restsAccidentals, tones and semitonesKey signatures and scalesDegrees of the scale, intervals and tonic triadsTime signatures and bar linesWriting music and answering rhythmsAt the end of the book there is a dictionary of musical terms and signs. In response to popular demand, Maureen Cox has added a new feature: a collection of puzzles and quizzes and a set of ten one-page tests of questions typically encountered in exams. A separate book of answers to the puzzles, quizzes and test questions is available.",970,,0,English,Paperback,,,,,9781987926095
https://www.bookdelivery.com/il-en/book-mortal-kombat-flawless-victory-a-visual-history-of-the-iconic-series/9798886635560/p/64203848,Mortal Kombat: Flawless Victory: A Visual History of the Iconic Series - Ian Flynn,Arts,Arts,Ian Flynn,108.06,35.91,2025.0,"""Mortal Kombat: Flawless Victory: A Visual History of the Iconic Series"" Fatality! Delve behind the scenes of one of the most storied, and gleefully gruesome, franchises in fighting-game history. Mortal Kombat: Flawless Victory takes readers on a journey through the visual history of the iconic, over-the-top fighting game that was first introduced to the world in 1992. Go beyond the game with exclusive interviews with the development team, stunning concept sketches, renders, and illustrations. What are you waiting for? Get over here! EXCLUSIVE INTERVIEWS: Hear from the development team at NetherRealm Studios on the process of creating and evolving an iconic fighting-game franchise. FIGHTERS, FOES, AND FATALATIES: Get an in-depth look at the compelling characters (such as Scorpion, Sub-Zero, Raiden, and Liu Kang), detailed environments, and legendary moves that bring Mortal Kombat to life. GO BEHIND THE GAME: Filled with behind-the-scenes fun facts and information about the game-making process, from crafting the setting to developing the gameplay, see the incredible work and talent that goes into creating such an immersive gaming experience. THE PERFECT COMPANION: This beautiful volume is an ideal collectible for Mortal Kombat fans and fighting-game enthusiasts.",1281,,0,English,Hardcover,,,,,9798886635560
https://www.bookdelivery.com/il-en/book-the-classic-piano-course-book-1-starting-to-play-the-complete-course-for-older-beginners/9780825633256/p/1725784,"the classic piano course,book 1, starting to play: the complete course for older beginners - Barratt, Carol",Arts,Arts,Carol Barratt,50.92,16.92,,"""the classic piano course,book 1, starting to play: the complete course for older beginners"" (Music Sales America). This new, user-friendly course means you can take up the piano at any age! Whether you're learning from scratch, or starting again, these three books will guide you gently into the pleasure of piano playing. You learn as you play. The course is based on familiar favorites from the classical repertoire, themes from opera and ballet, folksongs and blues, music by contemporary classical composers, and original pieces by Carol Barratt herself. The books include fascinating items of musical history and biography, an easy-to-follow introduction to the theory of music, and suggested listening to enhance your musical appreciation.",746,,0,English,Paperback,"28.5, 24.0, 0.9",cm,0.28.0825633257,kg,9780825633256
https://www.bookdelivery.com/il-en/book-japanese-cooking-a-simple-art/9781568363882/p/4940576,"Japanese Cooking: A Simple art  - Tsuji, Shizuo ; Fisher, M. F. K. ; Reichl, Ruth",Arts,Arts,"Shizuo Tsuji, M. F. K. Fisher, Ruth Reichl",116.04,38.56,2012.0,"""Japanese Cooking: A Simple art "" When it was first published, Japanese Cooking: A Simple Art changed the way the culinary world viewed Japanese cooking, moving it from obscure ethnic food to haute cuisine.  Twenty-five years later, much has changed. Japanese food is a favorite of diners around the world. Not only is sushi as much a part of the Western culinary scene as burgers, bagels, and burritos, but some Japanese chefs have become household names. Japanese flavors, ingredients, and textures havebeen fused into dishes from a wide variety of other cuisines. What hasn't changed over the years, however, are the foundations of Japanese cooking. When he originally wrote Japanese Cooking: A Simple Art, Shizuo Tsuji, a scholar who trained under famous European chefs, was so careful and precise inhis descriptions of the cuisine and its vital philosophies, and so thoughtful in his choice of dishes and recipes, that his words--and the dishes they help produce--are as fresh today as when they were first written. The 25th Anniversary edition celebrates Tsuji's classic work. Building on M.F.K.Fisher's eloquent introduction, the volume now includes a thought-provoking new Foreword by Gourmet Editor-in-Chief Ruth Reichl and a new preface by the author's son and Tsuji Culinary Institute Director Yoshiki Tsuji.Beautifully illustrated with eight pages of new color photos and over 500 drawings, and containing 230 traditional recipes as well as detailed explanations of ingredients, kitchen utensils, techniques and cultural aspects of Japanese cuisine, this edition continues the Tsuji legacy of bringing theJapanese kitchen within the reach of Western cooks.",1668,,2,English,Hardcover,"25.9, 18.8, 4.3",cm,1.45.1568363885,kg,9781568363882
https://www.bookdelivery.com/il-en/book-the-book-of-life-daily-meditations-with-krishnamurti/9780060648794/p/1554184,"the book of life,daily meditations with krishnamurti - Krishnamurti, Jiddu",Arts,Arts,Jiddu Krishnamurti,70.52,23.43,,"""the book of life,daily meditations with krishnamurti"" 365 Daily Meditations on Freedom, Personal Transformation, Living Fully, and Much More, from the Man the Dalai Lama Described as ""One of the Greatest Thinkers of the Age""",225,,0,English,Hardcover,"18.8, 13.0, 2.4",cm,0.26.0060648791,kg,9780060648794
https://www.bookdelivery.com/il-en/book-landscape-painting-now-from-pop-abstraction-to-new-romanticism/9781942884262/p/51574998,"Landscape Painting Now: From pop Abstraction to new Romanticism  - Schwabsky, Barry ; Bradway, Todd ; Shane, Robert",Arts,Arts,"Barry Schwabsky, Todd Bradway, Robert Shane",177.8,59.07,2019.0,"""Landscape Painting Now: From pop Abstraction to new Romanticism "" From fantastical worlds to political topologies: a global survey of landscape painting in the 21st centuryAlthough the fact may be surprising to some, landscape painting is positively thriving in the 21st century--indeed, the genre has arguably never felt as vital as it does today. The reasons why, if speculative, surely include our imminent environmental collapse and increasingly digitally mediated existence. Landscape Painting Now is the first book of its kind to take a global view of its subject, featuring more than eighty outstanding contemporary artists--both established and emerging--whose ages span seven decades and who hail from twenty-five different countries. Through its thematic organization into six chapters--Realism and Beyond, Post-Pop Landscapes, New Romanticism, Constructed Realities, Abstracted Topographies, and Complicated Vistas--the book affords a generous window into the very best of contemporary landscape painting, from Cecily Brown's sensual, fleshy landscapes to Peter Doig's magic realist renderings of Trinidad, Maureen Gallace's serene views of beach cottages and the foaming ocean, David Hockney's radiant capturings of seasonal change in the English countryside, Julie Mehretu's dynamically cartographic abstractions, Alexis Rockman's mural-sized, postapocalyptic dioramas, and far beyond. Landscape Painting Now features an extensive essay by Barry Schwabsky, art critic for The Nation. Schwabsky's text weaves throughout the book, tracing the history of landscape painting from its origins in Eastern and Western art, through its transformation in the 20th century, to its present flourishing. Shorter texts by art historians Robert R. Shane, Louise S rensen, and Susan A. Van Scoy introduce each artist, situating the importance of landscape within their practice and addressing key works. With over 400 color reproductions, including many details, this ambitious survey makes a compelling case for the continued relevance of landscape painting in our time. Featured artists are Etel Adnan, Francis Alÿs, Hurvin Anderson, Mamma Andersson, Alfredo and Isabel Aquilizan, Lucas Arruda, Ayman Baalbaki, Jules de Balincourt, Ali Banisadr, Hernan Bas, John Beerman, Amy Bennett, Cecily Brown, Gillian Carnegie, Noa Charuvi, Nigel Cooke, Will Cotton, Cynthia Daignault, Verne Dawson, Vincent Desiderio, Lois Dodd, Peter Doig, Rackstraw Downes, Tim Eitel, Andreas Eriksson, Inka Essenhigh, Richard Estes, Genieve Figgis, Jane Freilicher, Barnaby Furnas, Maureen Gallace, Tim Gardner, Franz Gertsch, Adrian Ghenie, April Gornik, Isca Greenfield-Sanders, Pat de Groot, Daniel Heidkamp, Barkley L. Hendricks, Israel Hershberg, David Hockney, Shara Hughes, Yvonne Jacquette, Merlin James, Yishai Jusidman, Alex Kanevsky, Alex Katz, Anselm Kiefer, Per Kirkeby, Makiko Kudo, Matvey Levenstein, Li Dafang, Liu Xiaodong, Damian Loeb, Antonio López García, Enrique Martinez Celaya, Julie Mehretu, Justin Mortimer, Maki Na Kamura, Jordan Nassar, Silke Otto-Knapp, Celia Paul, Eggert Pétursson, Sylvia Plimack Mangold, Neo Rauch, Alexis Rockman, Jean-Pierre Roy, Tomás Sánchez, Lisa Sanditz, Serban Savu, George Shaw, Mark Tansey, Alison Elizabeth Taylor, Wayne Thiebaud, Luc Tuymans, Cinta Vidal, Kay WalkingStick, Corinne Wasmuht, Matthew Wong, Jonas Wood, Lisa Yuskavage and Luiz Zerbini",3384,,0,English,Hardcover,"28.7, 26.4, 3.6",cm,2.49.,kg,9781942884262
https://www.bookdelivery.com/il-en/book-architecture-form-space-and-order/9781119853374/p/55007879,"Architecture: Form, Space, and Order - Francis D. K. Ching",Arts,Arts,Francis D. K. Ching,178.95,59.46,,"""Architecture: Form, Space, and Order"" ARCHITECTURE THE GOLD STANDARD IN INTRODUCTORY ARCHITECTURE TEXTS, FULLY UPDATED TO REFLECT THE LATEST DEVELOPMENTS IN THE FIELD For more than forty years, the beautifully illustrated Architecture: Form, Space, and Order has served as the classic introduction to the basic vocabulary of architectural design. In this fifth edition, more recent additions to the architectural panoply illustrate how contemporary digital and building technologies have influenced the development of architectural forms and spaces and how architectural siting and design have responded to the call for more environmentally responsible buildings. It is designed to encourage critical thought and to promote a more evocative understanding of architecture.  The fifth edition is updated with many new urban design and building precedents from a diverse range of cultural and geographic areas New content focuses on the latest technology and trends in structure, construction, materials, and sustainability Includes more than 800 illustrations, many hand-drawn, which demonstrate the foundations and concepts every architect must master  Architecture: Form, Space, and Order distills complex concepts of design into a clear focus and brings difficult abstractions to life. It explains form and space in relation to light, view, openings, and enclosures and explores the organization of space, and the elements and relationships of circulation, as well as proportion and scale. In addition, the text's detailed illustrations demonstrate the concepts presented and reveal the relationships between fundamental elements of architecture through the ages and across cultures.",1685,,0,English,Paperback,"27.2, 21.4, 2.4",cm,1.32.,kg,9781119853374
https://www.bookdelivery.com/il-en/book-black-and-white-updated-the-singapore-house-1898-1941/9789810903282/p/55945305,"Black and White - Updated: The Singapore House 1898-1941 - Davison, Julian ; Tettoni, Luca Invernizzi",Arts,Arts,"Julian Davison, Luca Invernizzi Tettoni",40.89,13.59,,"""Black and White - Updated: The Singapore House 1898-1941"" New UPDATED EDITION 2022The unique Black and White house in Singapore is the most distinctive and imposing of the island's colonial architectural legacy. Surviving examples are testament to their physical and aesthetic durability -- a unique tropical style with a colourful pedigree of architectural influences. In this updated edition, an additional chapter on residential life in these extraordinary homes adds depth and added information to an already comprehensive book. The colonials of yesteryear enjoyed a life of undisputed privilege -- and even today, many of these beautiful houses continue to serve their original purpose as gracious family homes. Others have been adapted successfully as restaurants, offices and artisan's studios. Researched, written and photographed with flair, Black and White traces their evolution through the architects and practices that designed them -- houses as relevant today as when they first appeared over 100 years ago.",1022,,0,English,Hardcover,"29.0, 24.8, 2.0",cm,1.30.,kg,9789810903282
https://www.bookdelivery.com/il-en/book-fieldwork-for-future-ecologies-radical-practice-for-art-and-art-based-research/9789493148918/p/54631223,Fieldwork for Future Ecologies: Radical Practice for Art and Art-Based Research - Bridget Crone,Arts,Arts,"Bridget Crone, Sam Nightingale, Polly Stanton",126.78,42.12,2024.0,"""Fieldwork for Future Ecologies: Radical Practice for Art and Art-Based Research"" Cross-disciplinary speculations on expanding the creative possibilities of fieldwork Gathering contributions from artists, writers and theorists, Fieldwork for Future Ecologies addresses the role that art and art-based research plays in expanding notions of fieldwork. At once a research handbook and a philosophical speculation, it explores ways of working within diverse climates using image, sound, movement and other sensing technologies, and also offers more creative interventions into the idea of ""the field"" itself. Focusing on projects from various geographic locations and situations, the book highlights the crucial contribution that art can make to environmental and climate studies. Contributors include: A.S.T. (Diann Bauer, Felice Grodin, Patricia M. Hernandez, Elite Kedan), Saskia Beudel, Imani Jacqueline Brown, David Burns, Angus Carlyle, Julie Gough, Henriette Gunkel, Eline McGeorge, Bianca Hester, Melody Jue, Therese Keogh, Kreider + O’Leary, Ruth Maclennan, Nicholas Mangan, Simon O’Sullivan, Kate Pickering, Philip Samartzis, Susan Schuppli and Kristen Sharp.",1166,,0,English,Paperback,"21.6, 14.0, 3.8",cm,0.70.,kg,9789493148918
https://www.bookdelivery.com/il-en/book-halo-encyclopedia/9781506728445/p/54110074,Halo Encyclopedia  - Microsoft,Arts,Arts,Microsoft,127.13,42.24,2022.0,"""Halo Encyclopedia "" In the 26th century, humanity relentlessly continues their fight for survival, an enduring conflict set against the backdrop of the enigmatic and ancient ringworld known as Halo.  The universe of Halo is remarkably vast in scale and astonishingly elaborate in detail, telling rich stories filled with bold characters, breathtaking worlds, and thrilling conflicts. In celebration of the 20th anniversary of Halo, Dark Horse and 343 Industries have teamed up to deliver the most definitive guide to the universe thus far. Spanning over a hundred millennia and encompassing over a hundred thousand light years, the Halo Encyclopedia captures two decades of storytelling with stunning, never-before-seen art and the most detailed exploration of the universe's many characters, worlds, and technologies to have ever been created",844,,3,English,Hardcover,"31.1, 23.5, 4.4",cm,2.91.,kg,9781506728445
https://www.bookdelivery.com/il-en/book-everybody-likes-the-piano-book-ii-a-piano-course-elementary-section/9781423440949/p/25982696,"Everybody Likes the Piano, Book II: A Piano Course: Elementary Section - Estella, Joseph M.",Arts,Arts,Joseph M. Estella,40.89,13.59,1996.0,"""Everybody Likes the Piano, Book II: A Piano Course: Elementary Section"" (Ashley Publications). This book will help players develop good hand position, steady rhythm, and continuity. It presents the basic rudiments of music and technique in a pleasant, natural manner.",268,,0,English,Paperback,"29.7, 21.8, 0.5",cm,0.16.1423440943,kg,9781423440949
https://www.bookdelivery.com/il-en/book-shelter/9780936070117/p/1599152,"shelter - Kahn, Lloyd ; Easton, Bob",Arts,Arts,"Lloyd Kahn, Bob Easton",93.42,31.04,,"""shelter"" Shelter is many things -- a visually dynamic, oversized compendium of organic architecture past and present; a how-to book that includes over 1,250 illustrations; and a Whole Earth Catalog-type sourcebook for living in harmony with the earth by using every conceivable material. First published in 1973, Shelter remains a source of inspiration and invention. Including the nuts-and-bolts aspects of building, the book covers such topics as dwellings from Iron Age huts to Bedouin tents to Togo's tin-and-thatch houses; nomadic shelters from tipis to ""housecars""; and domes, dome cities, sod iglus, and even treehouses.The authors recount personal stories about alternative dwellings that illustrate sensible solutions to problems associated with using materials found in the environment - with fascinating, often surprising results.",842,,0,English,Paperback,"36.6, 27.9, 1.3",cm,0.91.0936070110,kg,9780936070117
https://www.bookdelivery.com/il-en/book-wolfgang-tillmans-to-look-without-fear/9781633451117/p/54256053,"Wolfgang Tillmans: To Look Without Fear  - Tillmans, Wolfgang ; Marcoci, Roxana ; Easterling, Keller",Arts,Arts,"Keller Easterling, Wolfgang Tillmans, Roxana Marcoci",194.66,64.68,2022.0,"""Wolfgang Tillmans: To Look Without Fear "" Encompassing photography, installation, print media, video and more, this publication is the most comprehensive account of Tillmans' wide-ranging career to dateA visionary creator and intrepid polymath, Wolfgang Tillmans unites formal inventiveness with an ethical orientation that attends to the most pressing issues of life today. While his work transcends the bounds of any single artistic discipline, he is best known for his wide-ranging photographic output. From trenchant documents of social movements to windowsill still lifes, ecstatic images of nightlife to cameraless abstractions, sensitive portraits to architectural studies, astronomical phenomena to intimate nudes, he has explored seemingly every genre of photography imaginable, continually experimenting with how to make new pictures and deepen the viewer's experience.Published in conjunction with a major exhibition of Tillmans' work at the Museum of Modern Art, this copiously illustrated volume surveys four decades of the artist's career. An outstanding group of writers offer diverse essays addressing key threads of his multifaceted practice, and a new text by Tillmans himself elucidates the distinctive methodology behind his system of presenting photographs. Wolfgang Tillmans: To look without fear grants readers new insight into the work of an artist who has not only changed the way photography is exhibited but pointed contemporary art in dynamic new directions.Wolfgang Tillmans (born 1968) is among the most influential contemporary artists, and the impact of his work registers across the arts, intersecting with fashion, music, architecture, the performing arts and activism. Tillmans is the recipient of the Turner Prize (2000) and the Hasselblad Foundation International Award in Photography (2015). His foundation, Between Bridges, supports the advancement of democracy, international understanding, the arts and LGBTQ rights.",1958,,0,English,Hardcover,"31.2, 24.9, 3.6",cm,2.15.,kg,9781633451117
https://www.bookdelivery.com/il-en/book-david-hockney-my-window/9783836593922/p/54482595,"David Hockney. My Window  - Taschen ; Hockney, David",Arts,Arts,"David Hockney, Taschen",333.07,110.66,,"""David Hockney. My Window "" When David Hockney discovered the iPhone as an artistic medium, it opened up entirely new possibilities for his art. He made his first digital drawings in spring 2009, describing the morning landscape in broad lines and dazzling colors directly on a display that offered subtle hues as unmixed expressions of pure light. Then in 2010, Hockney started working with an iPad, and the larger screen expanded his artistic repertoire and enabled an even more complex interplay of color, light, and line.Each image in this book captures a fleeting moment seen through a window in Hockney's Yorkshire home: from vibrant sunrise and lilac morning sky to peaceful night-time impressions or the sudden arrival of spring. Fascinating details reveal drops on window panes, distant lights in the night, reflections on vases or an abundance of varied window-sill vegetation. In 120 drawings made between 2009 and 2012, selected and arranged by the artist himself, we experience the passage of time through the eyes of David Hockney.This artist's book, which first appeared in an exclusive signed edition, now returns as an unlimited run, whose still generous XL format presents Hockney's impressions in brilliant resolution. So now is the perfect occasion to heed the advice of the Times critic regarding this book: ""If you would like to be given a bouquet by David Hockney, here is your chance.""",1409,,0,English,Hardcover,"38.4, 30.0, 3.8",cm,3.04.,kg,9783836593922
https://www.bookdelivery.com/il-en/book-drawing-architecture-the-beginner-s-guide-to-drawing-and-painting-buildings/9781446309520/p/54294936,"Drawing Architecture: The Beginner'S Guide to Drawing and Painting Buildings  - Taylor, Richard",Arts,Arts,Richard Taylor,61.78,20.53,,"""Drawing Architecture: The Beginner'S Guide to Drawing and Painting Buildings "" A comprehensive and practical guide full of advice and inspiration for anyone wishing to capture the beauty of the urban landscape. The wonderful thing about drawing buildings is that, wherever you travel around the globe, you will never be short of subjects to inspire you. From the most elaborate of Renaissance cathedrals, through to the humble garden shed, you will always be able to practise your skills and learn a few techniques in the process. This hands-on and inspirational book will encourage you to meet the exciting challenges of drawing and painting buildings using a variety of media and a wide range of techniques, including pencil, pen, graphite powder, watercolour, water-soluble pencils and Indian ink. As you work through this book, you will look at materials and their qualities then move on to explore how to put these materials to best use when drawing specific types of building. You will be led gently through levels of learning, with easy and more challenging exercises progressing your knowledge and developing your skills. As the book is divided into discrete sections, you can dip in to a particular type of building that you wish to draw, and use the information and illustration provided, while extended teaching exercises take you through the way the author approaches composing and completing a drawing. Fully annotated paintings, working drawings and extended projects reveal how each effect was achieved. Detailed artworks in a range of styles and media are thoroughly annotated to demonstrate key techniques and important details and there are invaluable exercises for understanding perspective, negative and positive space, tone, choosing details and constructing large-scale images. The book includes thorough studies of a wide range of different architectural styles, from town houses to rural cottages and barns, from churches and and classical architecture to continental cafes and street scenes. Taylor's exquisite drawings and paintings demonstrate the quality of the results that can be achieved by following his helpful guidance and advice.",2165,,0,English,Paperback,"27.9, 21.6, 1.0",cm,0.52.,kg,9781446309520
https://www.bookdelivery.com/il-en/book-color-and-light-a-guide-for-the-realist-painter/9780740797712/p/3778098,Color and Light: A Guide for the Realist Painter  - James Gurney,Arts,Arts,James Gurney,85.67,28.47,2010.0,"""Color and Light: A Guide for the Realist Painter "" From New York Times best-selling author of the Dinotopia series, James Gurney, comes a carefully crafted and researched study on color and light in paintings. This art instruction book is the follow up to the acclaimed Imaginative Realism: How to Paint What Doesn't Exist. James Gurney, New York Times best-selling author and artist of the Dinotopia series, follows Imaginative Realism with his second art-instruction book, Color and Light: A Guide for the Realist Painter. A researched study on two of art's most fundamental themes, Color and Light bridges the gap between abstract theory and practical knowledge. Beginning with a survey of underappreciated masters who perfected the use of color and light, the book examines how light reveals form, the properties of color and pigments, and the wide variety of atmospheric effects. Gurney cuts though the confusing and contradictory dogma about color, testing it in the light of science and observation. A glossary, pigment index, and bibliography complete what will ultimately become an indispensible tool for any artist. This book is the second in a series based on his blog, gurneyjourney.com. His first in the series, Imaginative Realism, was widely acclaimed in the fantastical art world, and was ranked the #1 Bestseller on the Amazon list for art instruction. James Gurney's new book, Color and Light, cleverly bridges the gap between artistic observation and scientific explanation. Not only does he eloquently describe all the effects of color and light an artist might encounter, but he thrills us with his striking paintings in the process. --Armand Cabrera, Artist",1680,,11,English,Paperback,"26.7, 22.8, 1.5",cm,0.91.0740797719,kg,9780740797712
https://www.bookdelivery.com/il-en/book-utamaro-hokusai-hiroshige-geisha-samurai-and-the-culture-of-pleasure/9788857249971/p/55939330,"Utamaro, Hokusai, Hiroshige: Geisha, Samurai and the Culture of Pleasure - Utamaro ; Hokusai ; Hiroshige",Arts,Arts,Utamaro ; Hokusai ; Hiroshige,126.87,42.15,,"""Utamaro, Hokusai, Hiroshige: Geisha, Samurai and the Culture of Pleasure"" A thematic tour of the Edo period's incredible innovations through the works of its woodblock virtuososThe Edo period (1603-1868) was an exceptionally productive era in Japan from a historical and artistic standpoint; later its influence would extend beyond the archipelago, as far as the West, where it gave rise to a passion for Japanese aesthetics and culture. The term ukiyo-e, which translates as ""pictures of a floating world,"" refers to the woodblock color prints that were first created in the Edo period, by combining the talents of painters like Utamaro, Hokusai and Hiroshige with the absolute mastery of block carvers and printers.Utamaro, Hokusai, Hiroshige: Geisha, Samurai and the Culture of Pleasure offers a chance to discover the world of Japanese ukiyo-e prints through over 300 works by some of the most important artists, and the themes that characterize them: from elegant and beautiful women to delicate flowers and birds, famous kabuki actors, valiant samurai and even erotic subjects with their insouciant celebration of love.",1126,,0,English,Hardcover,"30.5, 24.9, 2.8",cm,1.66.,kg,9788857249971
https://www.bookdelivery.com/il-en/book-gus-van-sant-the-art-of-making-movies/9781913947477/p/54027770,"Gus van Sant: The art of Making Movies  - Tylevich, Katya",Arts,Arts,Katya Tylevich,76.11,25.29,2021.0,"""Gus van Sant: The art of Making Movies "" From Drugstore Cowboy to Elephant, Milk and Good Will Hunting, Gus Van Sant's films have captured the imagination of more than one generation. Alongside his filmaking, however, Van Sant is also an artist, photographer and writer. Based on a series of completely new and exclusive interviews, this book provides a personal insight into how Van Sant successfully approaches these different and very varied artforms, providing an inspirational look into the working life of one of America's most pivotal cultural and creative practitioners.",579,,0,English,Hardcover,"24.6, 17.3, 3.0",cm,1.07.,kg,9781913947477
https://www.bookdelivery.com/il-en/book-seeing-making-room-for-thought/9781941753538/p/54322694,"Seeing Making: Room for Thought - Buck-Morss, Susan ; McCaughey, Kevin ; Michaels, Adam",Arts,Arts,"Susan Buck-Morss, Adam Michaels, Kevin McCaughey",84.17,27.97,,"""Seeing Making: Room for Thought"" Renowned philosopher Susan Buck-Morss collaborates with Boot Boyz Biz's Kevin McCaughey and Inventory Press' Adam Michaels on this experimental image-text update of McLuhan and BenjaminRenowned philosopher Susan Buck-Morss collaborates with Kevin McCaughey of Boot Boyz Biz and Adam Michaels of Inventory Press on this experimental image-text renewal of McLuhan, Berger and Benjamin.Seeing Making: Room for Thought both studies and presents the creative process of constructing ideas with images. By activating the techniques of montage and analogy, the book reveals a wide field of view and a space to engage new critical connections between a multiplicity of objects from the past and present. Realized through an intergenerational collaboration of three cultural producers committed to making theory visible, a transformative anthology of critical essays by Susan Buck-Morss anchors this kaleidoscopic project. Images and ideas sync with Buck-Morss' perceptive texts on visual culture, history, politics and aesthetics, fusing criticism with visual play and linking collective imagination and social action.In both design and content, Seeing Making: Room for Thought builds upon the dynamic sensorium of Marshall McLuhan and Quentin Fiore's book The Medium Is the Massage, Walter Benjamin's Arcades Project and John Berger's Ways of Seeing. This innovative volume brings Buck-Morss' more experimental, visually engaged work to the fore in a way that has not been available in the usual contexts within which her writing has appeared.",1570,,0,English,Paperback,"19.6, 11.9, 3.0",cm,0.45.,kg,9781941753538
https://www.bookdelivery.com/il-en/book-monster-hunter-illustrations-3/9781772941357/p/53820681,Monster Hunter Illustrations 3  -  Capcom,Arts,Arts,Capcom,143.41,47.65,2020.0,,0,,0,English,Hardcover,,,,,9781772941357
https://www.bookdelivery.com/il-en/book-alice-starmore-s-charts-for-color-knitting-new-and-expanded-edition-dover-knitting-crochet-tatting-lace/9780486484631/p/4711143,"Alice Starmore's Charts for Color Knitting: New and Expanded Edition (Dover Knitting, Crochet, Tatting, Lace) - Starmore, Alice",Arts,Arts,Alice Starmore,97.41,32.37,,"""Alice Starmore's Charts for Color Knitting: New and Expanded Edition (Dover Knitting, Crochet, Tatting, Lace)"" In the course of her career as an internationally recognized authority on knitting design and instruction, Alice Starmore has acquired a remarkable collection of charted designs for color knitting. This treasury features a choice selection of her source material, arranged into four parts: (1) Traditional patterns from Europe, Russia, and South America (2) Adaptations from textiles and other art, including Japanese porcelain and Celtic metalwork (3) Alice Starmore's own geometric and nature-inspired originals (4) Practical instructions that explain how to incorporate these motifs into unique designs.Suitable for beginning as well as advanced color knitters, these charted designs can also be adapted to other crafts, including weaving and embroidery. The first U.S. publication of Charts for Color Knitting,  this new and expanded version explains how to incorporate color into your work and features color photographs of knitted swatches created expressly for this Dover edition.",1099,,0,English,Paperback,"27.4, 21.2, 1.5",cm,0.73.,kg,9780486484631
https://www.bookdelivery.com/il-en/book-armonia-ilustrada-2/9786310121208/p/64709154,Armonía ilustrada 2 (in Spanish) - Brian Callipari,Arts,Arts,Brian Callipari,177.93,59.12,2025.0,"""Armonía ilustrada 2 (in Spanish)"" En esta segunda entrega de Armonía Ilustrada se retoman los gráficos y mandalas del primer tomo para expandirlos y profundizarlos. El libro comienza proponiendo formas claras de explorar un solo acorde a través de inversiones y drops, entendiendo cómo cada variación modifica el color y la tensión. A partir de ahí, introduce un modelo matemático sencillo para medir la cercanía entre acordes y visualizar sus posibles combinaciones, invitando a ser conscientes de los infinitos caminos que se pueden recorrer. Se presentan, además, dos sistemas compositivos extras orientados a pensar la música de manera visual, generando diagramas tan atractivos como didácticos. No contiene partituras: todo está expresado mediante cifrados de acordes (C, Fm, Bb, etc.), haciéndolo accesible para músicos de todos los niveles que quieran una mirada fresca sobre la armonía musical.",903,,0,Spanish,Paperback,"21, 30",cm,,,9786310121208
https://www.bookdelivery.com/il-en/book-best-wishes-warmest-regards-the-story-of-schitt-s-creek/9780762499502/p/53964704,"Best Wishes, Warmest Regards: The Story of Schitt'S Creek  - Levy, Daniel ; Levy, Eugene",Arts,Arts,"Daniel Levy, Eugene Levy",83.02,27.59,2021.0,"""Best Wishes, Warmest Regards: The Story of Schitt'S Creek "" NEW YORK TIMES BESTSELLER GLOBE AND MAIL BESTSELLER The official tie-in book for the beloved, nine-time Emmy(R) Award-winning series Schitt's Creek.  This beautifully produced, keepsake coffee-table book is the ultimate celebration of the series, the town, the characters, and the state of mind that is Schitt's Creek. Capturing the essence and alchemy of all six seasons of what is now considered to be one of the most groundbreaking comedy television series of the last decade, Best Wishes, Warmest Regards is a gift to fans everywhere who have made the show their own. Included are character profiles from the cast of Johnny, Moira, David, and Alexis, and all of the characters that populate the town, major moments from Moira's endorsement of Herb Ertlinger Winery, to Patrick and David's first kiss, to Cabaret and the Rose Family Christmas episode. Also included are special features, such as the complete, illustrated catalogs of David's knits and Moira's wigs, Moira's vocabulary, Alexis's adventures, and behind-the-scenes moments from Dan and Eugene Levy and the cast of Schitt's Creek.",1157,,0,English,Hardcover,"27.9, 23.5, 3.0",cm,1.84.,kg,9780762499502
https://www.bookdelivery.com/il-en/book-beethoven-selected-piano-pieces-early-advanced-level-arrangements-schirmer-s-library-of-musical-classics-volume-2151/9781540089861/p/61242727,"Beethoven: Selected Piano Pieces - Early Advanced Level Arrangements - Schirmer's Library of Musical Classics Volume 2151 - Beethoven, Ludwig Van",Arts,Arts,"Beethoven, Ludwig Van",0.0,0.0,,"""Beethoven: Selected Piano Pieces - Early Advanced Level Arrangements - Schirmer's Library of Musical Classics Volume 2151"" (Piano). 10 pieces at the early advanced level, including: Andante in F Major, Andante Favori, WoO 57 * Bagatelle in C Major, Op. 33, No. 5 * Bagatelle in B minor, Op. 126, No. 4 * Fantasie in G minor, Op. 77 * Polonaise in C Major, Op. 89 * Rondo a Capriccio in Hungarian Style, Rage Over a Lost Penny, Op. 129 * Sonata No. 14 in C-sharp minor, Moonlight, Op. 27, No. 2 * Sonatina in F minor, WoO 47, No. 2 * 6 Variations on an Original Theme, Op. 34 * 9 Variations on a March by Dressler, WoO 63.",622,,0,English,Paperback,"29.7, 22.4, 0.8",cm,0.34.,kg,9781540089861
https://www.bookdelivery.com/il-en/book-indoor-green-living-with-plants/9780500501061/p/50601778,Indoor Green: Living With Plants - Bree Claffey,Arts,Arts,Bree Claffey,76.35,25.37,,"""Indoor Green: Living With Plants"" For centuries, plants have transformed interiors, and today plant-filled homes are filling up our Instagram feeds. With Indoor Green, author and retailer Bree Claffey explores the interior worlds of fellow plant lovers and the enduring attraction of houseplants. From the ever-reliable peace lily and beguiling fiddle-leaf fig to the elusive Chinese money plant, Indoor Green makes it obvious that even the humblest greenery can transform a home.Houseplants add romance to any room. Within the pages of Indoor Green, gorgeous photographs of interiors from across the globe--divided into chapters such as ""Plant Music,"" ""How to Grow Fresh Air,"" and ""Plant Portraits,"" make the magic easy to replicate in one's own home. Interviews of indoor green enthusiasts appear in this paperback alongside the imagery, as well as tips on caring for plants and an index of plant varieties. More than good-looking props, plants are living, growing, joyful things rooted in creativity--and Indoor Green makes it obvious that even the humblest greenery can transform a home.",1092,,0,English,Paperback,"26.2, 20.1, 1.8",cm,0.95,gr,9780500501061
https://www.bookdelivery.com/il-en/book-essay-on-the-true-art-of-playing-keyboard-instruments/9780393097160/p/3927070,"essay on the true art of playing keyboard instruments - Bach, Carl Philipp Emanuel ; Mitchell, William J. ; Mitchell, William J.",Arts,Arts,"Carl Philipp Emanuel Bach, William J. Mitchell",188.44,62.61,1948.0,"""essay on the true art of playing keyboard instruments"" The many ramifications of Bach's comprehensive essay have been neatly explained and annotated in a manner that makes the Essay a valuable reference work and an interesting venture in musical literature and history. The translator, William J. Mitchell, brought to his task a long standing familiarity with C. P. E. Bach.",375,,0,English,Paperback,"23.5, 15.6, 2.4",cm,0.67.0393097161,kg,9780393097160
https://www.bookdelivery.com/il-en/book-leonardo-the-complete-paintings-and-drawings/9783836585972/p/54531938,Leonardo. The Complete Paintings and Drawings - Frank Zöllner,Arts,Arts,Frank Zöllner,153.4,50.97,2022.0,"""Leonardo. The Complete Paintings and Drawings"" Unmatched in his ingenuity, technical prowess, and curiosity, Leonardo da Vinci (1452–1519) epitomizes the humanistic ideal of the Renaissance man: a peerless master of painting, sculpture, cartography, anatomy, architecture – and more. Simultaneously captivating art historians, collectors, and the millions who flock yearly to admire his works, Leonardo’s appeal is as diffuse as were his preoccupations. His images permeate nearly every facet of Western culture – The Vitruvian Man is engraved into millions of Euro coins, The Last Supper is considered the single most reproduced religious painting in history, and the Mona Lisa has entranced countless artists and observers for centuries. This updated edition of our XL monograph is an unrivaled survey of Leonardo’s life and work, including a catalogue raisonné of all paintings. Through stunning full-bleed details, we experience every measured brushstroke, each a testament to Leonardo’s masterful ability. An expansive catalog of nearly 700 of Leonardo’s drawings further illuminates the breadth of his pursuits. From diagrams of intricately engineered machines to portraits of plump infants, they stand reflective of his boundless and visionary technical imagination, balanced with a subtle and perceptive hand, capable of rendering quotidian moments with moving emotional timbre. For the new edition, Frank Zöllner has written a new preface in which he considers the latest scholarly findings on Leonardo’s oeuvre and takes a critical look at the much-discussed painting Christ as Salvator Mundi, sold at auction for the record sum of around 400 million euros. Numerous illustrations have been replaced by new photographs.",1730,,0,English,Hardcover,"29, 39",cm,,,9783836585972
https://www.bookdelivery.com/il-en/book-petite-messe-solennelle-for-satb-soli-choir-and-piano-harmonium-ad-lib/9790014070144/p/55933372,"Petite Messe Solennelle: For Satb Soli, Choir and Piano (Harmonium Ad Lib.) - Rossini, Gioachino ; Schenck, Andreas",Arts,Arts,"Rossini, Gioachino ; Schenck, Andreas",71.37,23.72,,,0,,0,English,Paperback,,,,,9790014070144
https://www.bookdelivery.com/il-en/book-everybody-likes-the-piano-a-direct-modern-approach-to-piano-fundamentals-book-3/9780825651977/p/19057513,"everybody likes the piano: a direct modern approach to piano fundamentals - book 3 - estella, joseph m.",Arts,Arts,"Estella, Joseph M.",40.89,13.59,1996.0,,0,,0,English,None,,,,,9780825651977
https://www.bookdelivery.com/il-en/book-bittersweet-noma-bar-graphic-story-telling/9780500021293/p/49182297,Bittersweet: Noma Bar: Graphic Story Telling  - Noma Bar,Arts,Arts,Noma Bar,112.36,37.33,2017.0,,0,,0,English,Paperback,,,,,9780500021293
https://www.bookdelivery.com/il-en/book-40-taylor-swift-songs-really-easy-piano-series/9781705136218/p/53829023,None,Arts,Arts,,74.86,24.88,2021.0,"""40 Taylor Swift Songs. Really Easy Piano Series"" 40 of Taylor's most popular hits in easy-to-play arrangements for piano, presented with background notes and performance tips for every song. Includes: Back to December • Blank Space • Cardigan • Delicate • Exile • I Don't Wanna Live Forever (Fifty Shades Darker) • I Knew You Were Trouble • Love Story • ME! • Mean • Shake It Off • Teardrops on My Guitar • We Are Never Ever Getting Back Together • Willow • You Belong with Me • and more.",489,,0,English,Paperback,"22, 20",cm,,,9781705136218
https://www.bookdelivery.com/il-en/book-really-easy-piano-the-beatles-collection/9781705121344/p/53829032,Really Easy Piano: The Beatles Collection  - Beatles,Arts,Arts,Beatles,74.07,24.61,2021.0,"""Really Easy Piano: The Beatles Collection "" (Really Easy Piano). This volume features 40 Fab Four hits, including: All You Need Is Love * Blackbird * Can't Buy Me Love * Eleanor Rigby * Here Comes the Sun * Hey Jude * I Want to Hold Your Hand * Let It Be * Penny Lane * Twist and Shout * Yesterday * and more. The songs in this collection have been specially arranged for really easy piano with chords and lyrics. Each song includes background notes as well as handy hints and tips to help you improve your performance.",520,,0,English,Paperback,"30.2, 22.4, 1.0",cm,0.34.,kg,9781705121344
https://www.bookdelivery.com/il-en/book-51-large-print-dot-to-dot-book-jumbo-dot-to-dot-for-adults-seniors-and-teens/9798592624452/p/56181271,"51 Large Print Dot to Dot Book: Jumbo Dot-to-Dot For Adults Seniors and Teens - Dots, Nature",Arts,Arts,Nature Dots,60.19,20.0,,,0,,0,English,Paperback,"28.0, 21.6, 0.5",cm,0.26.,kg,9798592624452
https://www.bookdelivery.com/il-en/book-trinity-college-london-rock-pop-2018-guitar-grade-5-trinity-rock-pop/9780857366528/p/51120701,Trinity College London Rock & pop 2018 Guitar Grade 5 (Trinity Rock & Pop)  - Trinity College Lond,Arts,Arts,Trinity College Lond,73.98,24.58,2017.0,"""Trinity College London Rock & pop 2018 Guitar Grade 5 (Trinity Rock & Pop) "" Trinity College London's Rock and Pop graded songbooks contain real songs from legendary artists, with specially written performance notes for the Rock and Pop exams from 2018. This book contains material intended for Guitar at grade 5.",314,,0,English,Sheet Music,,,,,9780857366528
https://www.bookdelivery.com/il-en/book-the-art-of-smallfilms-the-work-of-oliver-postgate-peter-firmin/9781909829022/p/47016755,"The Art Of Smallfilms: The Work Of Oliver Postgate & Peter Firmin - Jonny Truck,richard Embray,stewart Lee,daniel Postgate",Arts,Arts,"Jonny Truck,Richard Embray,Stewart Lee,Daniel Postgate",133.43,44.33,2014.0,,0,,0,English,Hardcover,,,,,9781909829022
https://www.bookdelivery.com/il-en/book-the-giant-book-of-intermediate-classical-piano-music-schirmer-s-library-of-musical-classics-vol-2139/9781540039644/p/52296117,"The Giant Book of Intermediate Classical Piano Music: Schirmer's Library of Musical Classics, Vol. 2139 - Hal Leonard Corp",Arts,Arts,Hal Leonard Corp,92.62,30.78,2018.0,"""The Giant Book of Intermediate Classical Piano Music: Schirmer's Library of Musical Classics, Vol. 2139"" (Piano). 269 pieces by 32 composers nearly 400 pages of music!",168,,2,English,Paperback,"30.5, 22.9, 2.5",cm,1.27.,kg,9781540039644
https://www.bookdelivery.com/il-en/book-design-of-the-20th-century/9783836541060/p/15569518,Design of the 20Th Century - Charlotte Fiell; Peter Fiell,Arts,Arts,"Taschen, Fiell",79.7,26.48,2019.0,"""Design of the 20Th Century"" Explore la era moderna del diseño en esta edicion de Bibliotheca Universalis sobre los movimientos y tendencias clave del siglo XX. Con innumerables obras de todo el mundo, este es un compendio esencial para los aficionados al diseño donde quiera que esten, con actuaciones estelares de figuras como De Stijl, Dieter Rams, Charles y Ray Eames, y...A principios del siglo XXI podemos ver claramente que el anterior estuvo marcado por cambios memorables en el campo del diseño. La estetica entro en la vida cotidiana con resultados a menudo asombrosos. Nuestros hogares y lugares de trabajo se convirtieron en verdaderas galerias de estilo e innovacion.Desde los muebles a las artes graficas, aqui encontramos todo el trabajo de artistas que dieron forma y recrearon el mundo moderno con una vertiginosa variedad de materiales. De lo organico a lo geometrico, desde el art deco hasta el pop y las altas tecnologias, la presente obra contiene todos los grandes nombres: Harry Bertoia, De Stijl, Dieter Rams, Philippe Starck, Charles y Ray Eames, por nombrar solo a algunos.Este libro esencial supone un recorrido a traves de las formas y los colores, clases y funciones de la historia del diseño en el siglo XX. Una guia de la A a la Z de diseñadores y escuelas de diseño, que incluye un completo retrato de la vida contemporanea. Profusamente ilustrado, esto es el diseño en su sentido mas pleno.Sobre la serieBibliotheca UniversalisCompañeros culturales en formato compacto para celebrar el universo eclectico de TASCHEN.Una obra de referencia esencial y asequible.",1593,,0,English,Hardcover,"19.8, 14.0, 4.3",cm,13.173836541068,gr,9783836541060
https://www.bookdelivery.com/il-en/book-mickey-baker-s-complete-course-in-jazz-guitar-book-1-ashley-publications/9780825652806/p/1775397,"Mickey Baker's Complete Course in Jazz Guitar: Book 1 (Ashley Publications)  - Baker, Mickey",Arts,Arts,Mickey Baker,56.06,18.63,1996.0,"""Mickey Baker's Complete Course in Jazz Guitar: Book 1 (Ashley Publications) "" (Ashley Publications). A method in how to play jazz and hot guitar.",146,,0,English,Paperback,"30.1, 22.3, 0.5",cm,0.20.0825652804,kg,9780825652806
https://www.bookdelivery.com/il-en/book-bridgman-s-complete-guide-to-drawing-from-life/9781454926535/p/49330828,Bridgman'S Complete Guide to Drawing From Life  - George B. Bridgman,Arts,Arts,George B. Bridgman,76.11,25.29,,"""Bridgman'S Complete Guide to Drawing From Life "" Bridgman's classic, essential guide:  1,000+ drawings and 22 expert lessons on mastering the human figure from every angle Bridgman's Complete Guide to Drawing from Life combines six well-known books by celebrated artist and lecturer George A. Bridgman, who taught figure and anatomy drawing at New York City's Art Students League.  This fifth edition preserves Bridgman's comprehensive, unequalled lessons and original sketches but repackages it with a new eye-catching cover that distinguishes it from the competition. In addition, the interior art has been cleaned and the design freshened in two-color. In its sleek new format, this authoritative volume is sure to continue as one of the premier figure-drawing publications of all time.",790,,6,English,Paperback,"27.7, 21.6, 2.5",cm,1.16.,kg,9781454926535
https://www.bookdelivery.com/il-en/book-charlotte-perriand-objects-and-furniture-design/9788434314948/p/54164361,"Charlotte Perriand: Objects and Furniture Design - Perriand, Charlotte ; De Muga, Patricia ; Hintze, Laura Garcia",Arts,Arts,"Perriand, Charlotte ; De Muga, Patricia ; Hintze, Laura Garcia",111.25,36.97,2022.0,"""Charlotte Perriand: Objects and Furniture Design"" An affordable overview of the great French modernist's essential inventionsThis volume compiles iconic furniture pieces by Charlotte Perriand (1903-99). The French designer's career began in 1927, when she was just 24, and presented her steel and aluminum bar, ""Bar under the roof,"" at the Salon d'Automne--prompting Le Corbusier to hire her as a furniture designer. Perriand produced works with Le Corbusier and Pierre Jeanneret that remain canonical today. In 1940, she was invited to Japan to be the official advisor on industrial design for the Ministry of Trade and Industry; she recommended that the Japanese turn their efforts to creating products for export to the West. Unable to return to Paris because of naval blockades, she stayed in Vietnam for four years, where she learned about weaving, woodwork, rattan and other natural products. This experience prompted her to use materials such as bamboo and cane to create affordable mass-produced furniture--featured here along with other classic works.",1061,,0,English,Hardcover,,,,,9788434314948
https://www.bookdelivery.com/il-en/book-chopin-pianist-and-teacher-paperback-as-seen-by-his-pupils/9780521367097/p/1534493,"Chopin: Pianist and Teacher Paperback: As Seen by his Pupils  - Eigeldinger, Jean-Jacques ; Shohet, Naomi ; Osostowicz, Krysia",Arts,Arts,"Jean-Jacques Eigeldinger, Naomi Shohet, Krysia Osostowicz",149.4,49.64,1988.0,"""Chopin: Pianist and Teacher Paperback: As Seen by his Pupils "" The accounts of Chopin's pupils, acquaintances and contemporaries, together with his own writing, provide valuable insights into the musician's pianistic and stylistic practice, his teaching methods and his aesthetic beliefs. This unique collection of documents, edited and annotated by Jean-Jacques Eigeldinger, reveals Chopin as teacher and interpreter of his own music. Included in this study is extensive appendix material that presents annotated scores, and personal accounts of Chopin's playing by pupils, writers, and critics.",597,,0,English,Paperback,"22.6, 15.2, 2.0",cm,0.45.0521367093,kg,9780521367097
https://www.bookdelivery.com/il-en/book-interaction-of-color-50th-anniversary-edition/9780300179354/p/18948426,"Interaction of Color: 50Th Anniversary Edition  - Albers, Josef ; Weber, Nicholas Fox",Arts,Arts,"Josef Albers, Nicholas Fox Weber",68.89,22.89,2013.0,"""Interaction of Color: 50Th Anniversary Edition "" The 50th anniversary edition of a classic text, featuring an expanded selection of color studies  ""The landmark 1963 book by Josef Albers . . . isn't just for aspiring artists. Its mesmerizing illustrations are a revelation for anyone interested in color theory and human perception.""--Pilar Viladas, New York Times ""A visionary work.""--Malcolm Jones, Newsweek  Josef Albers's classic Interaction of Color is a masterwork in art education. Conceived as a handbook and teaching aid for artists, instructors, and students, this influential book presents Albers's singular explanation of complex color theory principles.  Originally published by Yale University Press in 1963 as a limited silkscreen edition with 150 color plates, Interaction of Color first appeared in paperback in 1971, featuring ten color studies chosen by Albers, and has remained in print ever since. With over a quarter of a million copies sold in its various editions since 1963, Interaction of Color remains an essential resource on color, as pioneering today as when Albers created it.  Fifty years after Interaction's initial publication, this anniversary edition presents a significantly expanded selection of close to sixty color studies alongside Albers's original text, demonstrating such principles as color relativity, intensity, and temperature; vibrating and vanishing boundaries; and the illusion of transparency and reversed grounds. A celebration of the longevity and unique authority of Albers's contribution, this landmark edition will find new audiences in studios and classrooms around the world.",1635,,3,English,Paperback,"23.4, 15.2, 1.5",cm,0.50.0300179359,kg,9780300179354
https://www.bookdelivery.com/il-en/book-virtuoso-pianist-in-60-exercises-book-1-schirmer-library-of-classics-volume-1071-piano-technique-schirmer-s-library-volume-1071/9780793551217/p/1647244,"Virtuoso Pianist in 60 Exercises - Book 1: Schirmer Library of Classics Volume 1071 Piano Technique (Schirmer's Library, Volume 1071)  - Hanon C. L.",Arts,Arts,Hanon C. L.,56.76,18.86,,,0,,0,English,Paperback,"30.0, 22.4, 1.0",cm,0.20.0793551218,kg,9780793551217
https://www.bookdelivery.com/il-en/book-simple-sabotage-field-manual/9783755100348/p/54720012,"Simple Sabotage Field Manual  - Oss, United States",Arts,Arts,United States Oss,65.0,21.6,,"""Simple Sabotage Field Manual "" The Simple Sabotage Field Manual by the United States Office of Strategic Services is a must-read for anyone interested in the art of espionage and covert operations. This manual, originally developed for the OSS during World War II, provides detailed instructions and strategies for sabotaging enemy operations through subtle and non-violent means. Topics covered include how to disrupt meetings and communications, slow down productivity, and create confusion and uncertainty. This manual also includes real-life examples of successful sabotage techniques used by the OSS during the war.",621,,0,English,Paperback,"22.9, 15.2, 0.4",cm,0.09.,kg,9783755100348
https://www.bookdelivery.com/il-en/book-1000-chairs-bibliotheca-universalis/9783836563697/p/49199674,1000 Chairs (Bibliotheca Universalis) - Fiell ; Taschen,Arts,Arts,"Taschen, Fiell",79.7,26.48,,"""1000 Chairs (Bibliotheca Universalis)"" More than any other piece of furniture, the chair has been subjected to the wildest dreams of the designer. The particular curve of a backrest, or the twist of a leg, the angle of a seat or the color of the entire artifact; each element reflects the stylistic consciousness of an era.From Gerrit Rietveld and Alvar Aalto to Verner Panton and Eva Zeisel, from Art Nouveau to International Style, from Pop Art to Postmodernism, the history of the chair is so complex that it requires a comprehensive encyclopedic work to do it full justice. They are all here: Thonet's bentwood chairs and Hoffmann's sitting-machines, Marcel Breuer's Wassily chair and Ron Arad's avant-garde armchairs. Early designers and pioneers of the modern chair are presented alongside the most recent innovations in seating.This dedicated compendium displays each chair as pure form, along with biographical and historical information about the pieces and their designers. An illuminating tome for design aficionados and an essential reference for collectors!About the seriesBibliotheca Universalis -- Compact cultural companions celebrating the eclectic TASCHEN universe!",1184,,0,English,Hardcover,"19.8, 14.7, 4.6",cm,1.07.,kg,9783836563697
https://www.bookdelivery.com/il-en/book-stephen-shore-uncommon-places-the-complete-works/9781597113038/p/48509908,"Stephen Shore: Uncommon Places: The Complete Works  - Shore, Stephen ; Shore, Stephen ; Schmidt-Wulffen, Stephan",Arts,Arts,"Stephen Shore, Stephan Schmidt-Wulffen",163.38,54.28,2015.0,"""Stephen Shore: Uncommon Places: The Complete Works "" Originally published in 1982, Stephen Shore's legendary Uncommon Places has influenced more than a generation of photographers. Shore was among the first artists to take color beyond the domain of advertising and fashion photography, and his large-format color work on the American vernacular landscape inaugurated a vital photographic tradition. Uncommon Places: The Complete Works, published by Aperture in 2005, presented a definitive collection of the landmark series, and in the span of a decade has become a contemporary classic. Now, for this lushly produced reissue, the artist has added nearly 20 rediscovered images and a statement explaining what it means to expand a classic series. Like Robert Frank and Walker Evans before him, Shore discovered a hitherto unarticulated vision of America via highway and camera. Approaching his subjects with cool objectivity, Shore retains precise systems of gestures in composition and light through which a hotel bedroom or a building on a side street assumes both an archetypal aura and an ambiguously personal importance. An essay by critic and curator Stephan Schmidt-Wulffen and a conversation with Shore by writer Lynne Tillman examine his methodology and elucidate his roots in Pop and Conceptual art. The texts are illustrated with reproductions from Shore's earlier series American Surfaces and Amarillo: Tall in Texas.",1431,,2,English,Hardcover,"26.4, 33.5, 2.5",cm,2.09.,kg,9781597113038
https://www.bookdelivery.com/il-en/book-alvar-aalto-paradise-for-the-man-in-the-street/9783836560108/p/47384413,"Alvar Aalto: Paradise For The Man In The Street - Lahti, Louna ; Gössel, Peter",Arts,Arts,"Louna Lahti, Peter Gössel",63.27,21.02,2015.0,"""Alvar Aalto: Paradise For The Man In The Street"" Alvar Aalto (1898-1976) made a unique modernist mark. Influenced by both the landscape and the political independence of his native Finland, he designed warm, curving, compassionate buildings, wholly set apart from the slick, mechanistic, geometric designs that characterized much contemporary European practice.Whether a church, a villa, a sauna, or a public library, Aalto's organic structures tended to replace plaster and steel with brick and wood, often incorporating undulating, wave-like forms, which would also appear in his chair, glassware, and lamp designs. An adherent to detail, Aalto insisted upon the humanity of his work stating: ""Modern architecture does not mean using immature new materials; the main thing is to work with materials towards a more human line.""Many of Aalto's public buildings such as Säynätsalo Town Hall, the lecture theatre at Otaniemi Technical University, the Helsinki National Pensions Institute and the Helsinki House of Culture may be seen as psychological as well as physical landmarks in the rebuilding of Finland after the ravages of war.About the seriesBorn back in 1985, the Basic Art Series has evolved into the best-selling art book collection ever published. Each book in TASCHEN's Basic Architecture series features: an introduction to the life and work of the architectthe major works in chronological orderinformation about the clients, architectural preconditions as well as construction problems and resolutionsa list of all the selected works and a map indicating the locations of the best and most famous buildingsapproximately 120 illustrations (photographs, sketches, drafts, and plans)",1696,,0,English,Hardcover,"26.00, 21.00",,0.63.,kg,9783836560108
https://www.bookdelivery.com/il-en/book-the-cello-and-the-nightingales-the-life-of-beatrice-harrison/9781805300182/p/56690634,"The Cello and the Nightingales: The Life of Beatrice Harrison - Cleveland-Peck, Patricia ; Harrison, Beatrice",Arts,Arts,"Beatrice Harrison, Patricia Cleveland-Peck",50.07,16.64,,"""The Cello and the Nightingales: The Life of Beatrice Harrison"" The memoirs of cello prodigy Beatrice Harrison, the woman who brought the music of the nightingale to millions worldwide - and created the first interspecies collaborationIn 1924, Beatrice Harrison broadcast a miracle to the world: a wild nightingale singing with her cello. Over a million people tuned in to hear the nightingale that night, and the BBC went on to broadcast their duet worldwide every spring until 1942. This transformed the public interest in nightingales - a species already in decline. If Beatrice's duets with the nightingales touched a chord with the world, her own life proved to be as musical, free-spirited and inspiring. From her early years as a musical prodigy to recording with the most important composers of the day or playing for the wounded in the Second World War, Beatrice's warmth and love for sharing music are as endearing now as they were to her original audiences.",968,,0,English,Paperback,,,,,9781805300182
https://www.bookdelivery.com/il-en/book-how-to-make-art-for-joy-s-sake-free-spirited-watercolor/9780764361517/p/53653290,"How to Make art for Joy'S Sake: Free-Spirited Watercolor  - Rice, Kristy ; Palmer, Amy",Arts,Arts,"Kristy Rice, Amy Palmer",93.5,31.07,2021.0,"""How to Make art for Joy'S Sake: Free-Spirited Watercolor "" Kristy Rice's joy-focused approach to watercolor art has won the hearts of fans worldwide. Here she teaches the basics of painting, infusing the learning process with wit, wisdom, and laughter. Rice shows all levels of painters how to make ""art for joy's sake."" She offers her quirky, joy-focused guidance on preparation, including the materials you really need (and don't need), and walks you through ""Basics and Details."" ""Five Exercises"" enhances your ways of brush handling, muscle memory, color mixing, and texture, and ""20 Leaves"" helps you put them all together. ""Five Techniques"" lets you experience flowers, fruits, veggies, landscapes, and patterns. And the projects--or as Kristy calls it, the ""Ready to Fly"" list--include Leaves and Greens; Take a Walk Pattern; Textile Pattern; Gem and Rock Pattern; Imaginary Landscape; Bouquet; and Watercolor Fragments. A great duo: use this book with the Art for Joy's Sake Journal!",992,,0,English,Spiral,"26.0, 23.5, 2.1",cm,1.04.,kg,9780764361517
https://www.bookdelivery.com/il-en/book-the-backyard-astronomer-s-guide/9780228103271/p/53940915,"The Backyard Astronomer'S Guide  - Dickinson, Terence ; Dyer, Alan ; Seager, Sara",Arts,Arts,"Alan Dyer, Terence Dickinson, Sara Seager",130.1,43.23,2021.0,"""The Backyard Astronomer'S Guide "" The touchstone for contemporary stargazers.  This classic, groundbreaking guide has been the go-to field guide for both beginning and experienced amateur astronomers for nearly 30 years. The fourth edition brings Terence Dickinson and Alan Dyer's invaluable manual completely up-to-date. Setting a new standard for astronomy guides, it will serve as the touchstone for the next generation of stargazers as well as longtime devotees.  Technology and astronomical understanding are evolving at a breathtaking clip, and to reflect the latest information about observing techniques and equipment, this massively revised and expanded edition has been completely rebuilt (an additional 48 pages brings the page count to 416). Illustrated throughout with all-new photographs and star charts, this edition boasts a refreshed design and features five brand-new chapters, including three essential essays on binocular, telescope and Moon tours by renowned astronomy writer Ken Hewitt-White.  With new content on naked-eye sky sights, LED lighting technology, WiFi-enabled telescopes and the latest advances in binoculars, telescopes and other astronomical gear, the fourth edition of The Backyard Astronomer's Guide is sure to become an indispensable reference for all levels of stargazers. New techniques for observing the Sun, the Moon and solar and lunar eclipses are an especially timely addition, given the upcoming solar eclipses in 2023 and 2024.  Rounding out these impressive offerings are new sections on dark sky reserves, astro-tourism, modern astrophotography and cellphone astrophotography, making this book an enduring must-have guide for anyone looking to improve his or her astronomical viewing experience.  The Backyard Astronomer's Guide also features a foreword by Dr. Sara Seager, a Canadian-American astrophysicist and planetary scientist at the Massachusetts Institute of Technology and an internationally recognized expert in the search for exoplanets.",2001,,0,English,Hardcover,"28.2, 23.2, 3.0",cm,1.86.,kg,9780228103271
https://www.bookdelivery.com/il-en/book-around-the-world-trip-dot-to-dot-puzzle-extreme-dot-puzzles-with-over-30000-dots-40-puzzles-dot-to-dot-books-for-adults-challenges-to-complet/9798565740400/p/56196946,"Around the World Trip - Dot to Dot Puzzle (Extreme Dot Puzzles with over 30000 dots): 40 Puzzles - Dot to Dot Books for Adults - Challenges to complet - Goldman, Vanessa",Arts,Arts,Vanessa Goldman,66.84,22.21,,,0,,0,English,Paperback,"27.9, 21.6, 0.5",cm,0.24.,kg,9798565740400
https://www.bookdelivery.com/il-en/book-london-then-and-now-r-revised-second-edition/9781911641391/p/52046056,"London Then and Now(r): Revised Second Edition - Grylls, Vaughan",Arts,Arts,Vaughan Grylls,58.79,19.54,2020.0,"""London Then and Now(r): Revised Second Edition"" Matching archive photos with their modern viewpoint, London Then and Now gives a fascinating insight into the history of Europe's financial capital.London has changed rapidly in the last 150 years. The Luftwaffe helped modify many parts of central London and the East End in the 1940s, but some of the most dramatic changes have come in the last 20 years.Stretching from Hampton Court and Kew Gardens in West London, the book takes a winding route along the river Thames to the soaring spires of Canary Wharf in Dockland and the stately Royal Naval College at Greenwich.Sites include: Hampton Court Palace, Kew Gardens, Hammersmith Bridge (Boat Race), Kings Road Chelsea, Battersea Power Station, Lambeth Palace, The Tate, Palace of Westminster, Elizabeth Tower (Big Ben), Whitehall, Horseguards Parade, Westminster Abbey, Buckingham Palace, Harrods, Albert Memorial, Piccadilly Circus, Trafalgar Square, National Gallery, Festival Hall, Savoy Hotel, Oxo Tower, Covent Garden, Theatre Royal Drury Lane, Royal Opera House, Soho, Tate Modern, Bank of England, St. Paul's Cathedral, Tower of London, HMS Belfast, Samuel Pepys' Church, London Bridge/Shard, Docklands, Greenwich Observatory (GMT) and the Royal Naval College",1268,,0,English,Hardcover,"24.6, 27.9, 1.5",cm,0.96.,kg,9781911641391
https://www.bookdelivery.com/il-en/book-magic-whitechapel-documents-of-contemporary-art/9780262543033/p/53907821,Magic (Whitechapel: Documents of Contemporary Art)  - Jamie Sutcliffe,Arts,Arts,Jamie Sutcliffe,71.55,23.78,2021.0,,0,,0,English,Paperback,,,,,9780262543033
https://www.bookdelivery.com/il-en/book-david-bowie-all-the-songs-the-story-behind-every-track/9780762474714/p/54207230,"David Bowie all the Songs: The Story Behind Every Track  - Clerc, Benoît",Arts,Arts,Benoit Clerc,154.42,51.31,2022.0,"""David Bowie all the Songs: The Story Behind Every Track "" Album by album and track by track, this first-of-its-kind catalog of David Bowie's entire 50-year and 27-album career tells the story of one of rock's all-time greatest artists. A lovingly thorough dissection of every album and every track ever released by David Bowie over the span of his nearly 50 year career, David Bowie All the Songs follows the musician from his self-titled debut album released in 1967 all the way through Blackstar, his final album. Delving deep into Bowie's past and featuring new commentary and archival interviews with a wide range of models, actors, musicians, producers, and recording executives who all worked with and knew the so-called ""Thin White Duke"", David Bowie All the Songs charts the musician's course from a young upstart in 1960s London to a musical behemoth who collaborated with everyone from Queen Latifah and Bing Crosby, to Mick Jagger and Arcade Fire. This one-of-a-kind book draws upon years of research in order to recount how each song was written, composed, and recorded, down to the instruments used and the people who played them. Featuring hundreds of vivid photographs that celebrate one of music's most visually arresting performers, David Bowie All the Songs is a must-have book for any true fan of classic rock.",1330,,0,English,Hardcover,"27.7, 21.9, 5.3",cm,2.44.,kg,9780762474714
https://www.bookdelivery.com/il-en/book-1-500-color-mixing-recipes-for-oil-acrylic-watercolor-achieve-precise-color-when-painting-landscapes-portraits-still-lifes-and-more/9781600582837/p/8912243,"1,500 Color Mixing Recipes for Oil, Acrylic & Watercolor: Achieve Precise Color When Painting Landscapes, Portraits, Still Lifes, and More  - Powell, William F.",Arts,Arts,William F. Powell,70.74,23.51,2012.0,"""1,500 Color Mixing Recipes for Oil, Acrylic & Watercolor: Achieve Precise Color When Painting Landscapes, Portraits, Still Lifes, and More "" 1,500 Color Mixing Recipes for Oil, Acrylic & Watercolor is the definitive color-mixing resource for oil, acrylic, and watercolor artists. This user-friendly spiral-bound book is tabbed for quick and easy reference and includes two removable color-mixing grids--one for oil or acrylic, and one for watercolor. Follow these four simple steps to mix more than 1,500 color combinations: Look in the Color Guidance Index for the subject you want to paint--for example, ""Broccoli.""Find the Color Recipe with the subject's recipe number (""81"") and a photo of the actual paint mixture.Use the Color Mixing Grid to measure each paint color.Mix the color.It's that easy! You'll also learn about color theory, color value mixing, graying color naturally, mixing flesh and portrait colors, and rendering skies and clouds.  Also available from Walter Foster's best-selling Color Mixing Recipes series: Color Mixing Recipes for Oil & Acrylic, Color Mixing Recipes for Portraits, and Color Mixing Recipes for Landscapes.",1148,,0,English,Spiral,"24.4, 18.0, 2.8",cm,0.93.1600582834,kg,9781600582837
https://www.bookdelivery.com/il-en/book-elia-kazan-a-life/9780306808043/p/1568989,"Elia Kazan: A Life  - Kazan, Elia",Arts,Arts,Elia Kazan,65.72,21.84,,"""Elia Kazan: A Life "" Elia Kazan's varied life and career is related here in his autobiography. He reveals his working relationships with his many collaborators, including Harold Clurman, Lee Strasberg, Clifford Odets, Arthur Miller, Tennessee Williams, Marilyn Monroe, Marlon Brando, James Dean, John Steinbeck and Darryl Zanuck, and describes his directing ""style"" as he sees it, in terms of position, movement, pace, rhythm and his own limitations. Kazan also retraces his own decision to inform for the House Un-American Activities Committee, illuminating much of what may be obscured in McCarthy literature.",612,,0,English,Paperback,"22.9, 15.5, 5.0",cm,1.16.0306808048,kg,9780306808043
https://www.bookdelivery.com/il-en/book-melodious-double-stops-for-violin-book-i/9780793525997/p/19101850,"melodious double-stops for violin, book i - trott, josephine",Arts,Arts,"Trott, Josephine",46.19,15.35,1986.0,,0,,0,English,None,,,,,9780793525997
https://www.bookdelivery.com/il-en/book-the-tennis-court-a-journey-to-discover-the-world-s-greatest-tennis-courts/9781648293351/p/56316792,"The Tennis Court: A Journey to Discover the World's Greatest Tennis Courts - Pachelli, Nick",Arts,Arts,Nick Pachelli,107.17,35.61,,"""The Tennis Court: A Journey to Discover the World's Greatest Tennis Courts"" A fresh approach to a beloved sport, The Tennis Court is a photographic journey of the 200 most breathtaking tennis courts around the world.  Every one of the world's half a million tennis courts is, at its most basic, an identical blank canvas: a 78-foot by 36-foot rectangle, divided by a 3-foot-high net in its center, and marked with eleven straight lines. But add in the elements of surface, space, wind, acoustics, crowds, shadows, humidity, and even air density, and every tennis court is unique--a work of art. And some are masterpieces.  Nick Pachelli curates and profiles 200 of the world's most beautiful, iconic, significant, alluring, and idiosyncratic tennis courts from across the globe, each breathtakingly photographed. He explores the heavyweights, including Wimbledon's All England Lawn Tennis Club, which employs a hawk to keep stray birds from soiling the meticulous lawns. Arthur Ashe, the Grandstand, and Court 17 in Flushing, Queens, where hundreds of thousands of tennis fans gather every summer for the US Open. And there's Court Philippe-Chatrier at Roland-Garros, whose clay seems to take on a different shade--burnt orange, burnt red, burgundy, umber--every time you see it.  We visit far-flung treasures, such as Waiheke Tennis Club in New Zealand, where you'll need to take a plane, then a ferry, then a car or bus, and then walk before arriving there. Indoor marvels, including the Tennis Club de Belgique, which evokes the hushed, reverent feeling of a theater, with skylights illuminating the court and leaving the spectators in the shadows. Hidden jewels, such as the tiny Tennis Club San Stin in Venice, a secret, single outdoor clay court tucked away behind a villa and a 15-foot wall shrouded with vines.  There are urban courts, including the Knickerbocker Field Club, deep in the heart of Flatbush, Brooklyn. Academies, like Rafael Nadal's tennis temple in Mallorca, Spain. And the extreme: a single court completely isolated in the wilds of Scotland; a court in northern Spain revealed when the tide goes out, the sand hardens, and the metallic plates that serve as lines reemerge; and a court in Kenya made out of termite mounds.  Throughout, Pachelli not only conducts a masterful, once-in-a-lifetime tour of the world's best courts, but in his writing does something equally immersive: He captures the real passion--some might say obsession--that tennis inspires. Because it's on the court, no matter how grandiose or mundane, whether in an exotic locale or around the corner, where tennis players truly see themselves. Where we come face-to-face with our temperament, our drive, our frustration, our bliss, our longing.",2741,,0,English,Hardcover,,,,,9781648293351
https://www.bookdelivery.com/il-en/book-making-faces/9780316286855/p/1588476,"Making Faces  - Aucoin, Kevyn",Arts,Arts,Kevyn Aucoin,96.67,32.12,,"""Making Faces "" The classic -- and gorgeous -- bestseller from one of the most influential makeup artist in history.  Kevin Aucoin shares his secrets, explaining not only the basics of makeup application and technique but also how to use the fundamentals to create a wide range of different looks.",297,,0,English,Paperback,"30.2, 22.9, 1.5",cm,0.93.0316286850,kg,9780316286855
https://www.bookdelivery.com/il-en/book-caravaggio-the-complete-works-40th-ed/9783836587969/p/53689317,"Caravaggio. The Complete Works. 40Th ed.  - Schütze, Sebastian",Arts,Arts,Sebastian Schütze,96.12,31.94,2021.0,"""Caravaggio. The Complete Works. 40Th ed. "" Caravaggio, or more accurately Michelangelo Merisi da Caravaggio (1571-1610), was always a name to be reckoned with. Notorious bad boy of Italian painting, the artist was at once celebrated and controversial: violent in temper, precise in technique, a creative master, and a man on the run. Today, he is considered one of the greatest influences in all art history.This edition offers a neat and comprehensive Caravaggio catalogue raisonné. Each of his paintings is reproduced from recent top-quality photography, allowing for a vivid encounter with the artist's ingenious repertoire of looks and gestures, as well as numerous detail shots of his boundary-breaking naturalism. Five accompanying chapters trace the complete arc of Caravaggio's career from his first public commissions in Rome through to his growing celebrity status and trace his tempestuous personal life, in which drama loomed as prominently as in his canvases.About the seriesTASCHEN is 40! Since we started our work as cultural archaeologists in 1980, TASCHEN has become synonymous with accessible publishing, helping bookworms around the world curate their own library of art, anthropology, and aphrodisia at an unbeatable price. Today we celebrate 40 years of incredible books by staying true to our company credo. The 40 series presents new editions of some of the stars of our program--now more compact, friendly in price, and still realized with the same commitment to impeccable production.",1510,,0,English,Hardcover,"22.4, 16.3, 4.3",cm,1.47.,kg,9783836587969
https://www.bookdelivery.com/il-en/book-anti-stress-dot-to-dot-relaxing-inspirational-adult-dot-to-dot-colouring-book/9781910771952/p/48593196,Anti-Stress dot to Dot: Relaxing & Inspirational Adult dot to dot Colouring Book  - Christina Rose,Arts,Arts,Christina Rose,52.17,17.34,2016.0,,0,,0,English,Paperback,,,,,9781910771952
https://www.bookdelivery.com/il-en/book-the-animator-s-survival-kit-a-manual-of-methods-principles-and-formulas-for-classical-computer-games-stop-motion-and-internet-animators-farrar-straus/9780865478978/p/9081889,"The Animator's Survival Kit: A Manual of Methods, Principles and Formulas for Classical, Computer, Games, Stop Motion and Internet Animators (Farrar, Straus)  - Williams, Richard",Arts,Arts,Richard Williams,112.49,37.38,2012.0,"""The Animator's Survival Kit: A Manual of Methods, Principles and Formulas for Classical, Computer, Games, Stop Motion and Internet Animators (Farrar, Straus) "" The definitive book on animation, from the Academy Award-winning animator behind Who Framed Roger Rabbit? Animation is one of the hottest areas of filmmaking today--and the master animator who bridges the old generation and the new is Richard Williams. During his fifty years in the business, Williams has been one of the true innovators, winning three Academy Awards and serving as the link between Disney's golden age of animation by hand and the new computer animation exemplified by Toy Story. Perhaps even more important, though, has been his dedication in passing along his knowledge to a new generation of animators so that they in turn could push the medium in new directions. In this book, based on his sold-out master classes in the United States and across Europe, Williams provides the underlying principles of animation that every animator--from beginner to expert, classic animator to computer animation whiz --needs. Urging his readers to ""invent but be believable,"" he illustrates his points with hundreds of drawings, distilling the secrets of the masters into a working system in order to create a book that will become the standard work on all forms of animation for professionals, students, and fans.",1381,,30,English,Paperback,"27.4, 23.6, 2.5",cm,1.66.086547897,kg,9780865478978
https://www.bookdelivery.com/il-en/book-thelma-louise/9781838719289/p/53461034,"Thelma & Louise - Sturken, Marita",Arts,Arts,Marita Sturken,64.41,21.4,2020.0,"""Thelma & Louise"" Thelma & Louise, directed by Ridley Scott and written by Callie Khouri, sparked a remarkable public discussion about feminism, violence, and the representation of women in cinema on its release in 1991. Subject to media vilification for its apparent justification of armed robbery and manslaughter, it was a huge hit with audiences composed largely but not exclusively of women who cheered the fugitive central characters played by Susan Sarandon and Geena Davis. Marita Sturken examines Thelma & Louise as one of those rare films that encapsulates the politics of its time. She discusses the film's reworking of the outlaw genre, its reversal of gender roles, and its engagement with the complex relationship of women, guns adn the law. The insights of director Scott, screenwriter Khouri as well as Davis and Sarandon are deployed in an analysis of Thelma & Louise and the controversies it sparked. This is a compelling study of a landmark in 1990s American cinema.In her foreword to this new edition, Sturken looks back on the film's reception at the time of its release, and considers its continuing resonances and topicality in the age of #MeToo.",1169,,0,English,Paperback,"18.8, 13.5, 0.5",cm,0.29.,kg,9781838719289
https://www.bookdelivery.com/il-en/book-mastering-stand-up-the-complete-guide-to-becoming-a-successful-comedian/9781613736920/p/49512426,"Mastering Stand-Up: The Complete Guide to Becoming a Successful Comedian  - Rosenfield, Stephen",Arts,Arts,Stephen Rosenfield,66.35,22.05,2017.0,"""Mastering Stand-Up: The Complete Guide to Becoming a Successful Comedian "" This entertaining and sharply written guide--for both beginners breaking into comedy and professionals seeking to improve their sets and advance their careers--examines the work of great comedians such as Louis C.K., Jerry Seinfeld, Eddie Izzard, Moms Mabley, Hannibal Buress, Sarah Silverman, Richard Pryor, and more as a means of illustrating the most important techniques of performing and writing stand-up. Here, Stephen Rosenfield lays out a clear plan for achieving success, candidly explaining what works, what doesn't, and why. Including a 12-item ""Successful Comedian's To-Do List,"" Rosenfield states, ""Get undeniably good at each of these and you can kiss your day job good-bye. You will be a pro."" The New York Times heralded Stephen Rosenfield as ""probably the best known comedy teacher in the country."" His alumni include some of today's most prominent comedians and comedy writers, such as Lena Dunham, Jim Gaffigan, Eric Slovin, and Jessica Kirson. Rosenfield has directed, coached, and/or written for these and hundreds of other comedians. As a pioneer in the field of teaching comedy, he founded the American Comedy Institute, the premier stand-up comedy school in the United States, in 1989.",1285,,0,English,Paperback,"21.3, 13.7, 1.5",cm,0.34.,kg,9781613736920
https://www.bookdelivery.com/il-en/book-raphael-the-complete-works-paintings-frescoes-tapestries-architecture/9783836557023/p/54495151,"Raphael. The Complete Works. Paintings, Frescoes, Tapestries, Architecture - Rohlmann, Michael ; Zöllner, Frank ; Gaertringen, Rudolf Hiller Von",Arts,Arts,"Frank Zöllner, Michael Rohlmann, Rudolf Hiller Von Gaertringen",641.06,212.98,,"""Raphael. The Complete Works. Paintings, Frescoes, Tapestries, Architecture"" Raphael (1483-1520) is considered the most important artist of the Italian High Renaissance alongside Michelangelo and Leonardo. In his short lifetime he created around one hundred paintings and numerous frescoes, including nine fresco cycles, on an unsurpassed variety of themes - from sensual female beauties, antique myths and portraits of wealthy Romans and church dignitaries to history cycles and biblical scenes. He produced altarpieces, as well as designing tapestries for the Sistine Chapel and directing the construction of St Peter's Basilica. His Sistine Madonna is one of the most frequently reproduced religious paintings of all time.Raphael was a tireless learner, for whom there could be no standing still, no repetition of tried and tested solutions, but only the constant forward thrust of an inexhaustible imagination. He transformed his central theme, the visionary experience of divine grace, into visible pictorial reality. It was his mature work in Rome, and above all the frescoes in the Vatican Palace, that secured him his place in art history. Admired even during his own lifetime as the most modern artist of his day, Raphael's mastery would pave the way for Mannerism and the Baroque era.This XXL edition is the most comprehensive work published on Raphael. The volume encompasses in total 112 paintings and all the frescoes, architectural projects and tapestries in many new photographs and numerous details, as well as the most extensive catalogue raisonné of the artist's oeuvre. A team of Raphael experts introduces the reader also to the fascinating interplay of art and power in the High Renaissance.",1712,,0,English,Hardcover,"47.2, 32.8, 8.1",cm,6.94.,kg,9783836557023
https://www.bookdelivery.com/il-en/book-effortless-mastery-liberating-the-master-musician-within-book-online-audio/9781562240035/p/1592124,"Effortless Mastery: Liberating the Master Musician Within, Book & Online Audio  - Kenny Werner",Arts,Arts,Kenny Werner,97.55,32.41,1998.0,"""Effortless Mastery: Liberating the Master Musician Within, Book & Online Audio "" Playing music should be as simple and natural as drawing a breath, yet most musicians are hindered by self-consciousness, apprehension, self-doubt, and stress. Before we can truly express our inner self, we must first learn to be at peace and overcome the distractions that can make performance difficult. Kenny's remarkable work deals directly with these hindrances, and presents ways to let our natural creative powers flow freely with minimal stress and effort. Includes inspiring recordings of meditations designed to initiate positive thought. This book has become a favorite of many musicians who credit it with changing their lives! Many are so impressed that they buy copies for their musician friends as gifts. Easy, effortless reading paperback. Effortless Mastery is a book that the world really needs. It was not written by a philosopher or an academic. Kenny Werner, is one of my favorite pianists I've ever had the pleasure of working with, and in my opinion one of the best pianists living on the planet. Kenny teaches that 'The joy of practicing is concentration. The joy of playing is liberation.' Effortless Mastery teaches the seeker how to achieve both at the highest levels. It also shows how to practice effectively, promoting real growth and how to play and perform free from fear and self-judgment. I highly recommend this book."" ---Quincy Jones""",1452,,0,English,Paperback,"22.8, 16.2, 1.4",cm,0.35.156224003,kg,9781562240035
https://www.bookdelivery.com/il-en/book-a-forger-s-tale-confessions-of-the-bolton-forger/9781760295288/p/50182393,A Forger's Tale: Confessions of the Bolton Forger  - Shaun Greenhalgh,Arts,Arts,Shaun Greenhalgh,56.64,18.82,2018.0,"""A Forger's Tale: Confessions of the Bolton Forger "" Observer's Best Art Book of the Year, 2018 In 2007, Bolton Crown Court sentenced Shaun Greenhalgh to four years and eight months in prison for the crime of producing artistic forgeries. Working out of a shed in his parents' garden, Greenhalgh had successfully fooled some of the world's greatest museums. During the court case, the breadth of his forgeries shocked the art world and tantalised the media. What no one realised was how much more of the story there was to tell. Written in prison, A Forger's Tale details Shaun's notorious career and the extraordinary circumstances that led to it. From Leonardo drawings to L.S. Lowry paintings, from busts of American presidents to Anglo-Saxon brooches, from cutting-edge Modernism to the ancient art of the Stone Age, Greenhalgh could - and did - copy it all. Told with great wit and charm, this is the definitive account of Britain's most successful and infamous forger, a man whose love for art saturates every page of this extraordinary memoir.",1050,,0,English,Paperback,,,,,9781760295288
https://www.bookdelivery.com/il-en/book-transformers-vol-4-conquer-and-control/9781534332584/p/64682059,Transformers Vol. 4: Conquer and Control - Daniel Warren Johnson,Arts,Arts,Daniel Warren Johnson,57.0,18.94,2025.0,"""Transformers Vol. 4: Conquer and Control"" The Eisner Award-winning series from Daniel Warren Johnson and Jorge Corona reveals the answers to long awaited questions as the Cybertronian war on Earth explodes in TRANSFORMERS VOL. 4. ONE SHALL STAND, ONE SHALL FALL. Megatron has returned to lead the Decepticons, and only Optimus Prime may be able to stop him. The war between the Autobots and Decepticons has all been leading to the shocking conclusion that NO ONE will see coming! The critically acclaimed team of Daniel Warren Johnson (Do A Powerbomb) and Jorge Corona (Middlewest) break all the rules in this brand-new volume of the Eisner Award-winning series. Collects TRANSFORMERS #19-24 and a story from ENERGON UNIVERSE SPECIAL 2025.",740,,0,English,Paperback,"25.9, 16.8",cm,,,9781534332584
https://www.bookdelivery.com/il-en/book-joplin-complete-rags-for-piano/9780793567737/p/1763347,"joplin - complete rags for piano - Joplin, Scott",Arts,Arts,"Joplin, Scott",79.22,26.32,,"""joplin - complete rags for piano"" (Piano). American popular music at its classical best! This is a complete edition of these wonderful piano pieces, all newly engraved. 42 of Joplin's most famous rags in one comprehensive collection. Contents: Bethena (Ragtime Waltz) * A Breeze from Alabama * The Cascades * The Chrysanthemum * Country Club * The Easy Winners * Elite Syncopations * The Entertainer * Eugenia * Euphonic Sounds * The Favorite * Felicity Rag * Fig Leaf Rag * Gladiolus Rag * Heliotrope Bouquet * Kismet Rag * Leola * Lily Queen * Magnetic Rag * Maple Leaf Rag * The Nonpareil * Original Rags * Palm Leaf Rag * Paragon Rag * Peacherine Rag * Pine Apple Rag * Pleasant Moments (Ragtime Waltz) * Rag Time Dance * Reflection Rag * Rose Leaf Rag * Scott Joplin's New Rag * Search-Light Rag * Solace * Something Doing * Stoptime Rag * The Strenuous Life * Sugar Cane Rag * Sun Flower Slow Drag * Swipesy * The Sycamore * Wall Street Rag * Weeping Willow",964,,0,English,Paperback,"30.4, 22.7, 1.3",cm,0.69.0793567734,kg,9780793567737
https://www.bookdelivery.com/il-en/book-the-new-design-rules-how-to-decorate-and-renovate-from-start-to-finish-an-interior-design-book/9781984826480/p/54136737,"The new Design Rules: How to Decorate and Renovate, From Start to Finish: An Interior Design Book  - Henderson, Emily ; Cumberbatch Anderson, Jessica ; Ligorria-Tramp, Sara",Arts,Arts,"Emily Henderson, Jessica Cumberbatch Anderson, Sara Ligorria-Tramp",88.31,29.34,2022.0,"""The new Design Rules: How to Decorate and Renovate, From Start to Finish: An Interior Design Book "" From the author of the New York Times bestseller Styled, here is Emily Henderson's masterclass on interior design.  ""An approachable guide for anyone who is looking for tools and resources to create a home that speaks to who they are and what they love.""--Joanna Gaines  Whether you're embarking on a weekend refresh or complete renovation, interior designer Emily Henderson wants you to take risks with your home design without experiencing regret. In this visually driven decorating bible punctuated with photographs from real homes and colorful illustrations, she takes you through her entire process, including every single decision she makes when it comes to picking paint, arranging furniture, hanging window treatments, and deciding on lighting fixtures. You'll also learn when to hire a contractor versus an architect versus a handyperson, all the materials to consider (and why you might want to skip those marble countertops), proper measurements of the elements in each room, and so much more. By the end of the book, you'll feel more confident when it comes to visualizing the home of your dreams, and you'll finally know how to make it happen.",1257,,0,English,Hardcover,"25.2, 19.5, 2.9",cm,1.23.,kg,9781984826480
https://www.bookdelivery.com/il-en/book-hal-leonard-baritone-ukulele-method/9781458404862/p/9071949,hal leonard baritone ukulele method - Lil' Rev,Arts,Arts,Lil' Rev,46.19,15.35,,"""hal leonard baritone ukulele method"" (Ukulele). This comprehensive, easy-to-use beginner's guide by uke master Lil' Rev is designed for anyone just learning to play baritone ukulele. It teaches: tuning; music reading and tablature; melody playing; chords & scales; strumming; tremolo; the history of the instrument; and much more! Students will learn lots of fun songs in various styles.",388,,0,English,Paperback,"29.7, 22.4, 1.0",cm,0.18.1458404862,kg,9781458404862
https://www.bookdelivery.com/il-en/book-ghibli-recipe-book/9781803363523/p/54263414,"Ghibli Recipe Book  - Vilanova, Thibaud",Arts,Arts,Thibaud Vilanova,94.57,31.42,2022.0,"""Ghibli Recipe Book "" Create 40 delicious dishes from your favourite Studio Ghibli films! 40 recipes inspired by the masterpieces of Studio Ghibli: My Neighbour Totoro, Spirited Away, Princess Mononoke, Howl's Moving Castle... Dive into the dreamlike worlds of these animated films and enjoy the recipes created by Thibaud Villanova, a specialist in the cuisine of the imagination.",381,,2,English,Hardcover,,,0.57.,kg,9781803363523
https://www.bookdelivery.com/il-en/book-ocean-anatomy-the-curious-parts-pieces-of-the-world-under-the-sea/9781635861600/p/52997927,"Ocean Anatomy: The Curious Parts & Pieces of the World Under the sea - Rothman, Julia ; Niekrasz, John",Arts,Arts,"Julia Rothman, John Niekrasz",63.63,21.14,,"""Ocean Anatomy: The Curious Parts & Pieces of the World Under the sea"" Julia Rothman's best-selling illustrated Anatomy series takes a deep dive into the wonders of the sea with Ocean Anatomy. Follow Rothman's inquisitive mind and perceptive eye along shorelines, across the open ocean, and below the waves for an artistic exploration of the watery universe. Through her drawings, discover how the world's oceans formed, why the sea is salty, and the forces behind oceanic phenomena such as rogue waves. Colorful anatomical profiles of sea creatures from crustacean to cetacean, surveys of seafaring vessels and lighthouses, and the impact of plastic and warming water temperatures are just part of this compendium of curiosities that will entertain and educate readers of all ages.  Also available in this series: Nature Anatomy, Farm Anatomy, Food Anatomy,  and Nature Anatomy Notebook",887,,0,English,Paperback,"22.6, 16.3, 2.0",cm,0.59.,kg,9781635861600
https://www.bookdelivery.com/il-en/book-the-four-loves/9780062565396/p/48372571,The Four Loves - C. S. Lewis,Arts,Arts,C. S. Lewis,50.07,16.64,,"""The Four Loves"" A repackaged edition of the revered author's classic work that examines the four types of human love: affection, friendship, erotic love, and the love of God--part of the C. S. Lewis Signature Classics series.C.S. Lewis--the great British writer, scholar, lay theologian, broadcaster, Christian apologist, and bestselling author of Mere Christianity, The Screwtape Letters, The Great Divorce, The Chronicles of Narnia, and many other beloved classics--contemplates the essence of love and how it works in our daily lives in one of his most famous works of nonfiction. Lewis examines four varieties of human love: affection, the most basic form; friendship, the rarest and perhaps most insightful; Eros, passionate love; charity, the greatest and least selfish. Throughout this compassionate and reasoned study, he encourages readers to open themselves to all forms of love--the key to understanding that brings us closer to God.",945,,0,English,Paperback,"20.3, 13.5, 1.4",cm,0.16.,kg,9780062565396
https://www.bookdelivery.com/il-en/book-the-beginner-s-guide-to-oil-painting-simple-still-life-projects-to-help-you-master-the-basics/9781645674948/p/53726270,"The Beginner’S Guide to oil Painting: Simple Still Life Projects to Help you Master the Basics  - Stephens, Craig",Arts,Arts,Craig Stephens,77.71,25.82,2022.0,"""The Beginner’S Guide to oil Painting: Simple Still Life Projects to Help you Master the Basics "" The Easy Way to Get Started with Oil Painting Craig Stephens has a simple motto for painting: With a brush, some paints and a willingness to learn, anyone can do it. With that mindset, Craig takes his most essential lessons, boils them down to their basics and teaches you everything you need to know to start oil painting, without any fuss or highbrow. Thanks to his experience teaching painting to high school students for over two decades, Craig is an expert at helping those with no experience pick up a brush and make beautiful art they are proud of. With his direction, you'll create dynamic, vivid paintings and learn to capture your world in ways you never thought possible. Each project in this book is designed to highlight the important elements of using oil paints, helping you to practice new skills and get comfortable with the medium. And thanks to Craig's helpful step-by-step directions that pair a picture with each stroke, you'll get great results. Hone your color-mixing eye as you blend the vibrant greens and subtle yellows in the Freshly Cut Avocado piece. Practice painting unique textures, like the small craters in the Simplified Strawberry or the glossy skin on the Smooth and Shiny Plum. Learn all the ways to capture natural light, like transparency in a glass of Refreshing Lemon Water or dazzling reflections on a Chrome Coffee Creamer. Oil painting is a timeless art form, and with Craig as your teacher, you'll create 22 beautiful pieces for your walls and learn all the foundational skills you need to enjoy this hobby for years to come.",1669,,0,English,Paperback,"22.9, 19.9, 1.1",cm,0.49.,kg,9781645674948
https://www.bookdelivery.com/il-en/book-anatomy-for-artists-drawing-form-pose-the-ultimate-guide-to-drawing-anatomy-in-perspective-and-pose-with-tomfoxdraws/9781912843428/p/54149138,"Anatomy for Artists: Drawing Form & Pose: The Ultimate Guide to Drawing Anatomy in Perspective and Pose With Tomfoxdraws  - Publishing 3dtotal ; Fox, Tom",Arts,Arts,"Tom Fox, Publishing 3dtotal",131.06,43.55,2022.0,"""Anatomy for Artists: Drawing Form & Pose: The Ultimate Guide to Drawing Anatomy in Perspective and Pose With Tomfoxdraws "" Learn how to confidently draw the human form from head to toe with this comprehensive, richly illustrated guide. Expert drawing instructor and storyboard artist Tom Fox knows exactly how to capture the figure in poses that are both dynamic and true to human anatomy. The book details the central figure-drawing elements and techniques that are essential to every artist of every skill level. From understanding the XYZ axis and basic skeleton, to thinking in 3D space and creating mannequins of all levels of detail, the book deals with everything the reader needs to know before moving on to the figure itself. Tom presents in step-by-step details exactly how to add the muscles and depict truly believable poses. Every part of the body is presented in detail, with easy-to-follow breakdowns of the torso, arms, and legs, and the often-tricky head, hands, and feet. The author also shares insightful, game-changing anatomy tips, many learned from years of working for major clients in the entertainment industry and teaching others to draw the human figure, both in person and online. This combination of experiences and skills make Tom an outstanding author of this must-have book for artists in all areas of figure drawing.",1350,,2,English,Paperback,"29.8, 24.4, 2.0",cm,1.54.,kg,9781912843428
https://www.bookdelivery.com/il-en/book-scp-foundation-art-book-yellow-journal/9781638380009/p/56157850,Scp Foundation art Book Yellow Journal - Para Books,Arts,Arts,Para Books,177.34,58.92,,"""Scp Foundation art Book Yellow Journal""",40,,0,English,Hardcover,"28.0, 22.0, 2.2",cm,1.14,gr,9781638380009
https://www.bookdelivery.com/il-en/book-i-am-ozzy/9780446569903/p/3775489,I am Ozzy  - Ozzy Osbourne,Arts,Arts,"Ozzy Osbourne, Chris Ayres",54.31,18.05,2011.0,"""I am Ozzy "" The final word in sex, drugs, and rock-and-roll, heavy metal legend Ozzy Osbourne shares his unbelievable story for the first time in this tell-all memoir. They've said some crazy things about me over the years. I mean, okay: 'He bit the head off a bat.' Yes. 'He bit the head off a dove.' Yes. But then you hear things like, 'Ozzy went to the show last night, but he wouldn't perform until he'd killed fifteen puppies . . .' Now me, kill fifteen puppies? I love puppies. I've got eighteen of the f**king things at home. I've killed a few cows in my time, mind you. And the chickens. I shot the chickens in my house that night. It haunts me, all this crazy stuff. Every day of my life has been an event. I took lethal combinations of booze and drugs for thirty f**king years. I survived a direct hit by a plane, suicidal overdoses, STDs. I've been accused of attempted murder. Then I almost died while riding over a bump on a quad bike at f**king two miles per hour. People ask me how come I'm still alive, and I don't know what to say. When I was growing up, if you'd have put me up against a wall with the other kids from my street and asked me which one of us was gonna make it to the age of sixty, which one of us would end up with five kids and four grandkids and houses in Buckinghamshire and Beverly Hills, I wouldn't have put money on me, no f**king way. But here I am: ready to tell my story, in my own words, for the first time. A lot of it ain't gonna be pretty. I've done some bad things in my time. I've always been drawn to the dark side, me. But I ain't the devil. I'm just John Osbourne: a working-class kid from Aston, who quit his job in the factory and went looking for a good time.",1714,,2,English,Paperback,"22.9, 15.0, 2.8",cm,0.50.0446569909,kg,9780446569903
https://www.bookdelivery.com/il-en/book-the-art-of-song-grade-6-high-voice-a-selection-of-songs-from-the-abrsm-syllabus/9790577086774/p/55733481,"The Art of Song, Grade 6 (High Voice): A Selection of Songs from the Abrsm Syllabus - Alfred Music",Arts,Arts,Alfred Music,60.41,20.07,,,0,,0,English,Paperback,,,,,9790577086774
https://www.bookdelivery.com/il-en/book-pan-judah-political-cartoons-of-der-sturmer-1925-1945/9781737446125/p/53821646,"Pan-Judah! Political Cartoons of ""Der Stürmer"", 1925-1945  - Penman, Robert ; Dalton, Thomas",Arts,Arts,"Robert Penman, Thomas Dalton",160.06,53.18,2021.0,"""Pan-Judah! Political Cartoons of ""Der Stürmer"", 1925-1945 "" Beautiful. Disturbing. Enlightening. Beginning in the 1920s, a man named Julius Streicher published a small weekly German newspaper called Der Stürmer. Its mission was straightforward: to warn the German people about the threats posed by foreign and domestic Jews. The dangers were very real, and Streicher's stories gave a blunt and direct account of them. A key feature of Der Stürmer was its political cartoons. The cover of every issue, and several interior pages, displayed cartoons depicting various Jewish dangers, in a most striking and graphic form. The lead cartoonist was a man named 'Fips' Rupprecht. His cartoons became the signature feature of the newspaper, and grew to represent the broader German struggle against Jewry.  With the demise of National Socialist Germany, Der Stürmer and Fips' cartoons were largely forgotten. Or rather, they were buried-the victorious nations certainly did not want old Nazi images floating around, raising difficult questions and making people think.  Recently, though, a skilled digital artist named Robert Penman rediscovered the forgotten images. He carefully restored, colorized, and reissued them. Here, for the first time, he has compiled 200 of the best Fips images, as they have never been seen before. Penman has done a masterful job. The images are sharp, crisp, and compelling. The colors are stunningly vivid. The effect is truly astonishing. Fips' cartoons, originally printed on cheap newsprint, come alive for the first time. Every image is a small masterpiece, a true work of contemporary art. And one each tells a story-a story with relevance for the present day. Organized into six chapters chronologically, Fips' cartoons clearly demonstrate the progression of views over the period of 20 years, from before the Nazis assumed power until the very end of the war. They tell the story of Germany's rise and fall as nothing else can.",1960,,0,English,Paperback,"22.9, 15.2, 2.0",cm,0.52.,kg,9781737446125
https://www.bookdelivery.com/il-en/book-eat-drink-nap-bringing-the-house-home/9781848094116/p/47084523,"Eat, Drink, Nap: Bringing the House Home  - Soho House",Arts,Arts,Soho House,128.96,42.85,2014.0,"""Eat, Drink, Nap: Bringing the House Home "" The quintessential style, cooking, and home interior book from Soho House, the world's leading members club. Since the first Soho House opened its doors over 25 years ago, we've learnt a bit about what works. Contemporary, global yet with something quintessentially English and homely at its heart, this is Soho House style explained by its experts: - From planning a room to vintage finds: bringing the Soho House look home. - Our House curator's advice on how to buy, collect and hang art. - The art of a great night's sleep: how to design the perfect bedroom. - No-fuss recipes and chef's tips: here's how to make your favourite House dishes. - Inside Babington: our take on country-house living. Wellies optional. - Flip-flop glamour and poolside style from Soho House Miami Beach. - All the secrets of cocktail hour: House tonics and barman's tips. - Spa treatment at home, DIY facials and chocolate brownies. Eat Drink Nap, a 300-page highly illustrated book, with a foreword from founder Nick Jones, and photography from leading food and interiors photographers Mark Seelen and Jean Cazals, shares the Soho House blueprint for stylish, modern living, the Soho House way.___________________________________________Readers love EAT, DRINK, NAP: 'A fun and stylish guide to a better life''A perfect coffee table book!''I love it and people comment and do flick though it when they are at my home''Simple but elegant. . . and chocked full of beautiful pictures and wonderful information for making your house a home.'",1564,,0,English,Hardcover,"28.7, 24.4, 3.0",cm,1.72.,kg,9781848094116
https://www.bookdelivery.com/il-en/book-the-wes-anderson-collection-isle-of-dogs/9781419730092/p/50816347,"The wes Anderson Collection: Isle of Dogs  - Wilford, Lauren ; Stevenson, Ryan ; Seitz, Matt Zoller",Arts,Arts,"Lauren Wilford, Ryan Stevenson",102.75,34.14,2018.0,"""The wes Anderson Collection: Isle of Dogs "" The Wes Anderson Collection: Isle of Dogs is the only book to take readers behind the scenes of the beloved auteur's newest stop-motion animated film. ​Through the course of several in-depth interviews with film critic Lauren Wilford, writer and director Wes Anderson shares the story behind Isle of Dogs's conception and production, and Anderson and his collaborators reveal entertaining anecdotes about the making of the film, their sources of inspiration, the ins and outs of stop-motion animation, and many other insights into their moviemaking process. Previously unpublished behind-the-scenes photographs, concept artwork, and hand-written notes and storyboards accompany the text. The book also features an introduction by critics and collaborators Taylor Ramos and Tony Zhou, and a foreword by critic Matt Zoller Seitz. The fourth volume of the New York Times bestselling Wes Anderson Collection, Isle of Dogs stays true to the series with its rich design and colorful illustrations, capturing Anderson's signature aesthetic vision and bringing the series's definitive study of Anderson's filmography up to date. Isle of Dogs tells the story of Atari Kobayashi, 12-year-old ward to corrupt Mayor Kobayashi. When, by Executive Decree, all the canine pets of Megasaki City are exiled to a vast garbage-dump called Trash Island, Atari sets off alone in a miniature Junior-Turbo Prop and flies across the river in search of his bodyguard-dog, Spots. There, with the assistance of a pack of newly-found mongrel friends, he begins an epic journey that will decide the fate and future of the entire Prefecture. The film features the voices of Bryan Cranston, Koyu Rankin, Edward Norton, Bob Balaban, Bill Murray, Jeff Goldblum, Kunichi Nomura, Akira Takayama, Greta Gerwig, Frances McDormand, F. Murray Abraham, Tilda Swinton, Akira Ito, Yoko Ono, Mari Natsuko, Harvey Keitel, Courtney B. Vance, Ken Watanabe, Scarlett Johnasson, Fisher Stevens, Nijiro Murakami, and Liev Schreiber.",2028,,0,English,Hardcover,"28.7, 24.4, 2.0",cm,1.38.,kg,9781419730092
https://www.bookdelivery.com/il-en/book-close-encounters-of-the-third-kind/9781839025778/p/56693186,"Close Encounters of the Third Kind - Polan, Dana",Arts,Arts,Dana Polan,59.32,19.71,,"""Close Encounters of the Third Kind"" Steven Spielberg's Close Encounters of the Third Kind (1977) is a film very much of its cinematic moment, combining the gritty realism of entrapment in the everyday with furtive dreams of escape.  Dana Polan's compelling study of the film examines its significance to New Hollywood cinema and the science fiction genre. He argues that Close Encounters is a film that is an allegory of the cinematic experience overall; it both narrates a tale of visual seduction and plays it out viscerally for the spectator who shares the amazement of the protagonist Roy Neary as his mundane reality is transformed into something awe-inspiring.  Providing an in-depth look into the film's production history, including all three different versions, Polan situates Close Encounters within Spielberg's repertoire. He argues that despite the film's popular success, it is in fact a rejection of several entrenched American values, including family, home and marriage. It offers, through its visual fascination, alternative understandings of masculinity and morality, familial responsibility, and what it means to follow the 'American Dream'.",1161,,0,English,Paperback,"19.0, 13.5, 2.5",cm,0.45.,kg,9781839025778
https://www.bookdelivery.com/il-en/book-minecraft-mobs-glow-in-the-dark-lock-key-diary-gaming/9781647228224/p/54418357,Minecraft: Mobs Glow-In-The-Dark Lock & key Diary (Gaming)  - Insights,Arts,Arts,Insights,58.63,19.48,,"""Minecraft: Mobs Glow-In-The-Dark Lock & key Diary (Gaming) "" Keep your thoughts safe from creepers and the other hostile mobs that come out when the sun goes down with this officially licensed MINECRAFT glow-in-the-dark lock and key diary. By day all is peaceful, but when the lights go out the scene turns to one filled with hostile mobs like creepers, skeletons, spiders, zombies, Endermen, and more. Just hold your diary under a light for 10 to 15 seconds, and then bring it into the dark to watch it glow!  192 RULED PAGES:  Includes 192 pages of quality paper to give you plenty of space to record your notes, thoughts, build inspirations, or favorite world seeds.  UNDER LOCK & KEY: Keep your thoughts and secrets secure with this locked diary featuring two keys, in case you lose one while finding your way back to your base after dark.  CONVENIENT SIZE:  This 5.25 x 6.5-inch journal is a compact size for travel and fits easily in a bag or backpack to take with you on the go",985,,0,English,Hardcover,"17.3, 13.5, 1.5",cm,0.25.,kg,9781647228224
https://www.bookdelivery.com/il-en/book-avatar-the-last-airbender-legacy-of-the-fire-nation-hardcover/9781683833925/p/52356353,"Avatar: The Last Airbender: Legacy of the Fire Nation [Hardcover ]  - Pruett, Joshua ; Medina, Sora",Arts,Arts,"Joshua Pruett, Sora Medina",83.52,27.75,2020.0,"""Avatar: The Last Airbender: Legacy of the Fire Nation [Hardcover ] "" In this new scrapbook Avatar: The Last Airbender's beloved character Uncle Iroh shares his memories and mementos with Prince Zuko. In Avatar: The Last Airbender: Legacy of the Fire Nation, discover long-kept secrets carried by Uncle Iroh as he records his stories for Prince Zuko. Read letters from family, friends, and more in this special collection of mementos and keepsakes.  Iroh has held many roles in his long life, including crown prince of the Fire Nation, mentor to Prince Zuko, and ally of Avatar Aang. In the peace following the end of the Hundred Year War, Iroh has compiled many thoughts, memories, artifacts, and stories from his long life to share with Prince Zuko. Filled with amazing removable mementos from Iroh, Avatar: The Last Airbender: Legacy of the Fire Nation presents an exclusive look into one of the series' most-loved characters.",929,,2,English,Hardcover,"23.6, 17.3, 1.5",cm,0.41.,kg,9781683833925
https://www.bookdelivery.com/il-en/book-theory-drill-games-book-2-elementary-level/9781423405344/p/25982179,Theory Drill Games - Book 2: Elementary Level - John Thompson,Arts,Arts,John Thompson,40.89,13.59,2005.0,"""Theory Drill Games - Book 2: Elementary Level"" (Willis). Theory Drill Games is designed to teach musical rudiments in an interesting and attractive manner. Pages are perforated so all the work may be completed at home and the teacher can quickly evaluate student efforts as work sheets are turned in at the lesson.",315,,0,English,Paperback,"29.7, 22.4, 0.8",cm,0.16.142340534,kg,9781423405344
https://www.bookdelivery.com/il-en/book-the-art-of-kumiko-learn-to-make-beautiful-panels-by-hand/9781951217242/p/52824429,"The art of Kumiko: Learn to Make Beautiful Panels by Hand  - Kenney, Matt",Arts,Arts,Matt Kenney,89.42,29.71,2020.0,"""The art of Kumiko: Learn to Make Beautiful Panels by Hand "" Kumiko is a delicate and sophisticated art created by assembling small wooden pieces into beautiful patterns, and Matt Kenney's latest book offers step-by-step instructions for 10 patterns, with a level of detail that cannot be found in print elsewhere.Also included are cutting diagrams for several original decorative wall panels that make use of the patterns taught in the book.  In The Art of Kumiko you'll learn Kenney's methods for making Kumiko, which combine the accuracy and efficiency of modern woodworking equipment with the precision of hand tools to create beautiful pieces. You'll also learn how to incorporate Kumiko in both furniture designs and as stand-alone framed panels that pay homage to this centuries-old craft.",796,,0,English,Paperback,"25.1, 20.1, 1.5",cm,0.54.,kg,9781951217242
https://www.bookdelivery.com/il-en/book-photographers/9780956648778/p/18815335,"Photographers  - Nourmand, Tony ; Pritchard, Michael",Arts,Arts,"Tony Nourmand, Michael Pritchard",103.46,34.38,2012.0,"""Photographers "" An extravagant photographic history of photographers and their camerasAn extravagant photographic history of photographers and their cameras, featuring over a century of striking images, Photographers celebrates the truly innovative men and women behind the camera; trailblazers in their field, who captured and immortalized our world. This definitive and unique edition is a must-have for any coffee table. It shows rarely seen photographs of some of 20th-century photography's greatest names. From Henri Cartier-Bresson and Weegee, to David Bailey and Richard Avedon by way of the men and women of Life and Picture Post magazines as well as anonymous pressmen, they are all shown at work with their camera. Photographers shows photographers with their celebrity subjects, who range from the best-known Hollywood stars to players of sport, musicians and politicians. It also shows some of those same celebrities turning the camera back on to the photographer. Photographers shows off the classic cameras used by the press, photojournalists and fashion photographers. The Leica, the Nikon, the Pentax, the Rolleiflex and Speed Graphic are among the cameras shown in use. A section on wartime photographs shows aerial cameras in action. An introductory essay by one of the world's leading photographic specialists, Michael Pritchard, sets the photographers and their cameras within a wider context of the rapid growth in demand for photographs of celebrities from the 1890s and the development of celebrity culture associated with the rise of the movies from the 1920s.",1585,,0,English,Hardcover,"29.5, 25.4, 2.8",cm,2.09.0956648770,kg,9780956648778
https://www.bookdelivery.com/il-en/book-apocalypse-now-the-lost-photo-archive/9783791388083/p/54024055,Apocalypse Now: The Lost Photo Archive  - Chas Gerretsen,Arts,Arts,Chas Gerretsen,127.13,42.24,2021.0,,0,,0,English,Hardcover,,,,,9783791388083
https://www.bookdelivery.com/il-en/book-london-underground-architecture-design-map/9781912018666/p/51955837,Let's confirm you are human,Arts,Arts,,0.0,0.0,,,0,,0,None,None,,,,,None
https://www.bookdelivery.com/il-en/book-secrets-of-the-whales/9781426221873/p/53266787,Let's confirm you are human,Arts,Arts,,0.0,0.0,,,0,,0,None,None,,,,,None
https://www.bookdelivery.com/il-en/book-surfing-1778-today-40th-ed/9783836591461/p/54899732,Let's confirm you are human,Arts,Arts,,0.0,0.0,,,0,,0,None,None,,,,,None
https://www.bookdelivery.com/il-en/book-the-faber-music-piano-anthology-best-loved-original-repertoire-for-solo-piano-hardcover-book/9780571539574/p/51121617,Let's confirm you are human,Arts,Arts,,0.0,0.0,,,0,,0,None,None,,,,,None
https://www.bookdelivery.com/il-en/book-the-costumes-of-downton-abbey/9781681885223/p/55005629,Let's confirm you are human,Arts,Arts,,0.0,0.0,,,0,,0,None,None,,,,,None
https://www.bookdelivery.com/il-en/book-dali-tarot-universal/9783836576123/p/52086415,Let's confirm you are human,Arts,Arts,,0.0,0.0,,,0,,0,None,None,,,,,None
https://www.bookdelivery.com/il-en/book-bauhaus/9783836560146/p/48104561,Let's confirm you are human,Arts,Arts,,0.0,0.0,,,0,,0,None,None,,,,,None
https://www.bookdelivery.com/il-en/book-rubank-intermediate-method-flute-or-piccolo/9781423444220/p/3094195,Let's confirm you are human,Arts,Arts,,0.0,0.0,,,0,,0,None,None,,,,,None
https://www.bookdelivery.com/il-en/book-animals-of-the-world-dot-to-dot-puzzle-extreme-dot-puzzles-with-over-30000-dots-40-puzzles-dot-to-dot-books-for-adults-challenges-to-complete/9798702486703/p/56195263,Let's confirm you are human,Arts,Arts,,0.0,0.0,,,0,,0,None,None,,,,,None
https://www.bookdelivery.com/il-en/book-the-goldfinger-files-the-making-of-the-iconic-alpine-sequence-in-the-james-bond-movie-goldfinger/9783958297463/p/52980658,Let's confirm you are human,Arts,Arts,,0.0,0.0,,,0,,0,None,None,,,,,None
https://www.bookdelivery.com/il-en/book-inspired-by-nature-creating-a-personal-and-natural-interior/9781788790215/p/52077286,Let's confirm you are human,Arts,Arts,,0.0,0.0,,,0,,0,None,None,,,,,None
https://www.bookdelivery.com/il-en/book-the-beatles-super-easy-songbook/9781495076237/p/49605792,Let's confirm you are human,Arts,Arts,,0.0,0.0,,,0,,0,None,None,,,,,None
https://www.bookdelivery.com/il-en/book-the-big-book-of-drawing-anime-the-complete-step-by-step-guide/9781684620838/p/56643282,Let's confirm you are human,Arts,Arts,,0.0,0.0,,,0,,0,None,None,,,,,None
https://www.bookdelivery.com/il-en/book-queen-for-classical-piano-phillip-keveren-series-the-phillip-keveren-series/9781495059094/p/49424485,Let's confirm you are human,Arts,Arts,,0.0,0.0,,,0,,0,None,None,,,,,None
https://www.bookdelivery.com/il-en/book-gaddiments-by-steve-gadd-with-online-video-of-steve-demonstrating-each-exercise-with-online-video/9781705138656/p/53633742,Let's confirm you are human,Arts,Arts,,0.0,0.0,,,0,,0,None,None,,,,,None
https://www.bookdelivery.com/il-en/book-st-matthew-passion-vocal-score-new-novello-choral-editions/9780853608028/p/4344253,Let's confirm you are human,Arts,Arts,,0.0,0.0,,,0,,0,None,None,,,,,None
https://www.bookdelivery.com/il-en/book-pixar-the-official-cookbook/9781647229702/p/58404431,Let's confirm you are human,Arts,Arts,,0.0,0.0,,,0,,0,None,None,,,,,None
https://www.bookdelivery.com/il-en/book-luna-coloring-book/9781423657415/p/53277371,Let's confirm you are human,Arts,Arts,,0.0,0.0,,,0,,0,None,None,,,,,None
https://www.bookdelivery.com/il-en/book-john-thompson-s-modern-course-for-the-piano/9780877180067/p/1772452,Let's confirm you are human,Arts,Arts,,0.0,0.0,,,0,,0,None,None,,,,,None
https://www.bookdelivery.com/il-en/book-nomad-at-home-designing-the-home-more-traveled/9781788792455/p/54260241,Let's confirm you are human,Arts,Arts,,0.0,0.0,,,0,,0,None,None,,,,,None
https://www.bookdelivery.com/il-en/book-the-dublin-art-book-the-city-through-the-eyes-of-its-artists-the-city-seen-through-the-eyes-of-its-artists/9781912934102/p/53361957,Let's confirm you are human,Arts,Arts,,0.0,0.0,,,0,,0,None,None,,,,,None
https://www.bookdelivery.com/il-en/book-harry-potter-a-pop-up-guide-to-hogwarts/9781683834076/p/51252554,Let's confirm you are human,Arts,Arts,,0.0,0.0,,,0,,0,None,None,,,,,None
https://www.bookdelivery.com/il-en/book-tom-ford/9780847826698/p/1708259,Let's confirm you are human,Arts,Arts,,0.0,0.0,,,0,,0,None,None,,,,,None
https://www.bookdelivery.com/il-en/book-the-world-of-urban-sketching-celebrating-the-evolution-of-drawing-and-painting-on-location-around-the-globe-new-inspirations-to-see-your-world-one-sketch-at-a-time/9780760374573/p/54274608,Let's confirm you are human,Arts,Arts,,0.0,0.0,,,0,,0,None,None,,,,,None
https://www.bookdelivery.com/il-en/book-masterpieces-for-the-modern-pianist-a-unique-classical-piano-collection-of-favorites-and-undiscovered-gems/9781705177808/p/56245354,Let's confirm you are human,Arts,Arts,,0.0,0.0,,,0,,0,None,None,,,,,None
https://www.bookdelivery.com/il-en/book-cristina-garcia-rodero-lalibela/9788417048198/p/48406632,Let's confirm you are human,Arts,Arts,,0.0,0.0,,,0,,0,None,None,,,,,None
https://www.bookdelivery.com/il-en/book-ghosts-of-my-life-writings-on-depression-hauntology-and-lost-futures/9781780992266/p/48472824,Let's confirm you are human,Arts,Arts,,0.0,0.0,,,0,,0,None,None,,,,,None
https://www.bookdelivery.com/il-en/book-toccata-and-fugue-in-d-minor-bwv565-schirmer-s-library-of-musical-classics-volume-1629-piano-solo-schirmer-library-of-musical-classics/9781458426543/p/52308770,Let's confirm you are human,Arts,Arts,,0.0,0.0,,,0,,0,None,None,,,,,None
https://www.bookdelivery.com/il-en/book-punk-paradox-a-memoir/9780306924583/p/54249212,Let's confirm you are human,Arts,Arts,,0.0,0.0,,,0,,0,None,None,,,,,None
https://www.bookdelivery.com/il-en/book-faber-studio-collection-selections-from-bigtime-piano-level-4/9781616776459/p/49581528,Let's confirm you are human,Arts,Arts,,0.0,0.0,,,0,,0,None,None,,,,,None
https://www.bookdelivery.com/il-en/book-solos-for-the-tenor-saxophone-player/9780793554072/p/19102484,Let's confirm you are human,Arts,Arts,,0.0,0.0,,,0,,0,None,None,,,,,None
https://www.bookdelivery.com/il-en/book-soulful-stitch-finding-creativity-in-crisis/9781849949187/p/57882564,Let's confirm you are human,Arts,Arts,,0.0,0.0,,,0,,0,None,None,,,,,None
https://www.bookdelivery.com/il-en/book-read-this-if-you-want-to-take-great-photographs/9781399606950/p/54386872,Let's confirm you are human,Arts,Arts,,0.0,0.0,,,0,,0,None,None,,,,,None
https://www.bookdelivery.com/il-en/book-dragon-ball-a-visual-history/9781974707409/p/52174558,Let's confirm you are human,Arts,Arts,,0.0,0.0,,,0,,0,None,None,,,,,None
https://www.bookdelivery.com/il-en/book-first-lessons-in-bach-complete-schirmer-library-of-classics-volume-2066-for-the-piano-schirmer-s-library-of-musical-classics-2066/9781423421924/p/1870066,Let's confirm you are human,Arts,Arts,,0.0,0.0,,,0,,0,None,None,,,,,None
https://www.bookdelivery.com/il-en/book-the-stone-skeleton-structural-engineering-of-masonry-architecture/9780521629638/p/19219401,Let's confirm you are human,Arts,Arts,,0.0,0.0,,,0,,0,None,None,,,,,None
https://www.bookdelivery.com/il-en/book-position-pieces-for-cello/9780874877625/p/3240152,Let's confirm you are human,Arts,Arts,,0.0,0.0,,,0,,0,None,None,,,,,None
https://www.bookdelivery.com/il-en/book-cinephile-a-card-game/9781984825575/p/51975889,Let's confirm you are human,Arts,Arts,,0.0,0.0,,,0,,0,None,None,,,,,None
https://www.bookdelivery.com/il-en/book-studio-ghibli-architecture-in-animation/9781974740864/p/56283907,Let's confirm you are human,Arts,Arts,,0.0,0.0,,,0,,0,None,None,,,,,None
https://www.bookdelivery.com/il-en/book-piano-adventures-level-2a-theory-book/9781616770822/p/3763506,Let's confirm you are human,Arts,Arts,,0.0,0.0,,,0,,0,None,None,,,,,None
https://www.bookdelivery.com/il-en/book-a-z-collection-of-behaviour-tales-an-storytelling/9781907359866/p/49244371,Let's confirm you are human,Arts,Arts,,0.0,0.0,,,0,,0,None,None,,,,,None
https://www.bookdelivery.com/il-en/book-making-collagraph-prints/9781785005817/p/51759527,Let's confirm you are human,Arts,Arts,,0.0,0.0,,,0,,0,None,None,,,,,None
